case_index,instance,topology,circuit_mode,num_qubits,cx_count,oaabr_variant,lightsabre_seed,lightsabre_swap,lightsabre_depth,lightsabre_budget_ms,oaabr_swap,oaabr_depth,safe_dual_backend,safe_dual_swap,safe_dual_depth,hybrid_swap,hybrid_depth,hybrid_attempts,selected_backend,selected_label,selected_swap,selected_depth,gain_vs_lightsabre,gain_vs_safe_dual,initial_mapping,final_mapping,semantic_equivalent,topology_valid,metric_valid,wall_ms,qasm,qpy,manifest
0,test_v5_000_line_n6_uniform_f3_cx18,line,uniform,6,18,stage26/v1_best/k2,11,9,24,95.71490017697215,9,24,lightsabre,9,24,9,24,10,lightsabre,lightsabre:seed11,9,24,0,0,"5,3,2,0,1,4","4,3,5,1,0,2",True,True,True,391.69670001138,C:\Users\carte\smpr-stage63\source\SMPR_quantum_router_stage63\results\stage63_v5_full_20260725\shards\shard_00\000_test_v5_000_line_n6_uniform_f3_cx18\selected_physical.qasm,C:\Users\carte\smpr-stage63\source\SMPR_quantum_router_stage63\results\stage63_v5_full_20260725\shards\shard_00\000_test_v5_000_line_n6_uniform_f3_cx18\selected_physical.qpy,C:\Users\carte\smpr-stage63\source\SMPR_quantum_router_stage63\results\stage63_v5_full_20260725\shards\shard_00\000_test_v5_000_line_n6_uniform_f3_cx18\manifest.json
1,test_v5_001_line_n8_uniform_f6_cx48,line,uniform,8,48,stage26/v1_best/k2,13,46,99,150.51890001632273,54,146,lightsabre,46,99,44,107,10,hybrid,hybrid:ls_seed13,44,107,2,2,"0,1,2,6,5,4,7,3","3,4,1,0,2,7,5,6",True,True,True,5978.391599957831,C:\Users\carte\smpr-stage63\source\SMPR_quantum_router_stage63\results\stage63_v5_full_20260725\shards\shard_00\001_test_v5_001_line_n8_uniform_f6_cx48\selected_physical.qasm,,C:\Users\carte\smpr-stage63\source\SMPR_quantum_router_stage63\results\stage63_v5_full_20260725\shards\shard_00\001_test_v5_001_line_n8_uniform_f6_cx48\manifest.json
2,test_v5_002_line_n10_uniform_f12_cx120,line,uniform,10,120,stage26/v1_best/k2,12,149,293,676.2470002286136,162,335,lightsabre,149,293,150,307,5,lightsabre,lightsabre:seed12,149,293,0,0,"2,4,8,5,9,7,1,3,6,0","8,3,0,5,2,1,4,9,6,7",True,True,True,27330.44469996821,C:\Users\carte\smpr-stage63\source\SMPR_quantum_router_stage63\results\stage63_v5_full_20260725\shards\shard_00\002_test_v5_002_line_n10_uniform_f12_cx120\selected_physical.qasm,C:\Users\carte\smpr-stage63\source\SMPR_quantum_router_stage63\results\stage63_v5_full_20260725\shards\shard_00\002_test_v5_002_line_n10_uniform_f12_cx120\selected_physical.qpy,C:\Users\carte\smpr-stage63\source\SMPR_quantum_router_stage63\results\stage63_v5_full_20260725\shards\shard_00\002_test_v5_002_line_n10_uniform_f12_cx120\manifest.json
3,test_v5_003_line_n8_far_f3_cx24,line,far,8,24,stage26/v1_best/k2,7,9,34,101.20979999192059,12,37,lightsabre,9,34,10,34,20,lightsabre,lightsabre:seed7,9,34,0,0,"4,2,5,6,7,1,0,3","3,1,5,6,7,0,2,4",True,True,True,496.08339997939765,C:\Users\carte\smpr-stage63\source\SMPR_quantum_router_stage63\results\stage63_v5_full_20260725\shards\shard_00\003_test_v5_003_line_n8_far_f3_cx24\selected_physical.qasm,C:\Users\carte\smpr-stage63\source\SMPR_quantum_router_stage63\results\stage63_v5_full_20260725\shards\shard_00\003_test_v5_003_line_n8_far_f3_cx24\selected_physical.qpy,C:\Users\carte\smpr-stage63\source\SMPR_quantum_router_stage63\results\stage63_v5_full_20260725\shards\shard_00\003_test_v5_003_line_n8_far_f3_cx24\manifest.json
4,test_v5_004_line_n10_far_f6_cx60,line,far,10,60,stage26/v1_best/k2,0,53,115,174.02250005397946,53,102,oaabr,53,102,50,124,5,hybrid,hybrid:ls_seed0,50,124,3,3,"1,6,8,9,3,0,2,7,5,4","2,5,7,3,0,1,9,8,6,4",True,True,True,2465.257899952121,C:\Users\carte\smpr-stage63\source\SMPR_quantum_router_stage63\results\stage63_v5_full_20260725\shards\shard_00\004_test_v5_004_line_n10_far_f6_cx60\selected_physical.qasm,,C:\Users\carte\smpr-stage63\source\SMPR_quantum_router_stage63\results\stage63_v5_full_20260725\shards\shard_00\004_test_v5_004_line_n10_far_f6_cx60\manifest.json
5,test_v5_005_line_n6_far_f12_cx72,line,far,6,72,stage26/v1_best/k2,2,19,105,128.74170020222664,17,92,oaabr,17,92,18,95,20,oaabr,native:late,17,92,2,0,"4,1,3,5,0,2","4,1,2,5,0,3",True,True,True,1655.0835999660194,C:\Users\carte\smpr-stage63\source\SMPR_quantum_router_stage63\results\stage63_v5_full_20260725\shards\shard_00\005_test_v5_005_line_n6_far_f12_cx72\selected_physical.qasm,,C:\Users\carte\smpr-stage63\source\SMPR_quantum_router_stage63\results\stage63_v5_full_20260725\shards\shard_00\005_test_v5_005_line_n6_far_f12_cx72\manifest.json
6,test_v5_006_line_n10_phase_shift_f3_cx30,line,phase_shift,10,30,stage26/v1_best/k2,7,20,50,132.30889989063144,24,50,lightsabre,20,50,19,49,10,hybrid,hybrid:ls_seed1,19,49,1,1,"7,6,2,4,0,1,8,9,3,5","9,8,4,3,2,0,1,6,5,7",True,True,True,776.318300049752,C:\Users\carte\smpr-stage63\source\SMPR_quantum_router_stage63\results\stage63_v5_full_20260725\shards\shard_00\006_test_v5_006_line_n10_phase_shift_f3_cx30\selected_physical.qasm,,C:\Users\carte\smpr-stage63\source\SMPR_quantum_router_stage63\results\stage63_v5_full_20260725\shards\shard_00\006_test_v5_006_line_n10_phase_shift_f3_cx30\manifest.json
7,test_v5_007_line_n6_phase_shift_f6_cx36,line,phase_shift,6,36,stage26/v1_best/k2,14,14,54,96.41020034905523,10,55,oaabr,10,55,10,46,5,hybrid,hybrid:ls_seed14,10,46,4,0,"3,1,5,0,2,4","5,4,3,2,1,0",True,True,True,265.30209998600185,C:\Users\carte\smpr-stage63\source\SMPR_quantum_router_stage63\results\stage63_v5_full_20260725\shards\shard_00\007_test_v5_007_line_n6_phase_shift_f6_cx36\selected_physical.qasm,,C:\Users\carte\smpr-stage63\source\SMPR_quantum_router_stage63\results\stage63_v5_full_20260725\shards\shard_00\007_test_v5_007_line_n6_phase_shift_f6_cx36\manifest.json
8,test_v5_008_line_n8_phase_shift_f12_cx96,line,phase_shift,8,96,stage26/v1_best/k2,4,47,161,179.68000017572194,55,162,lightsabre,47,161,51,154,10,lightsabre,lightsabre:seed4,47,161,0,0,"0,4,2,6,7,5,1,3","1,0,2,3,4,6,7,5",True,True,True,10373.83850000333,C:\Users\carte\smpr-stage63\source\SMPR_quantum_router_stage63\results\stage63_v5_full_20260725\shards\shard_00\008_test_v5_008_line_n8_phase_shift_f12_cx96\selected_physical.qasm,C:\Users\carte\smpr-stage63\source\SMPR_quantum_router_stage63\results\stage63_v5_full_20260725\shards\shard_00\008_test_v5_008_line_n8_phase_shift_f12_cx96\selected_physical.qpy,C:\Users\carte\smpr-stage63\source\SMPR_quantum_router_stage63\results\stage63_v5_full_20260725\shards\shard_00\008_test_v5_008_line_n8_phase_shift_f12_cx96\manifest.json
9,test_v5_009_line_n6_alternating_f3_cx18,line,alternating,6,18,stage26/v1_best/k2,11,10,35,101.68149974197149,10,33,oaabr,10,33,10,33,10,hybrid,hybrid:ls_seed11,10,33,0,0,"5,3,1,0,4,2","5,2,1,0,3,4",True,True,True,416.23420000541955,C:\Users\carte\smpr-stage63\source\SMPR_quantum_router_stage63\results\stage63_v5_full_20260725\shards\shard_01\009_test_v5_009_line_n6_alternating_f3_cx18\selected_physical.qasm,,C:\Users\carte\smpr-stage63\source\SMPR_quantum_router_stage63\results\stage63_v5_full_20260725\shards\shard_01\009_test_v5_009_line_n6_alternating_f3_cx18\manifest.json
10,test_v5_010_line_n8_alternating_f6_cx48,line,alternating,8,48,stage26/v1_best/k2,2,49,129,148.07670039590448,49,117,oaabr,49,117,42,107,10,hybrid,hybrid:ls_seed2,42,107,7,7,"4,3,5,0,7,6,1,2","4,5,2,3,7,6,0,1",True,True,True,4859.095199964941,C:\Users\carte\smpr-stage63\source\SMPR_quantum_router_stage63\results\stage63_v5_full_20260725\shards\shard_01\010_test_v5_010_line_n8_alternating_f6_cx48\selected_physical.qasm,,C:\Users\carte\smpr-stage63\source\SMPR_quantum_router_stage63\results\stage63_v5_full_20260725\shards\shard_01\010_test_v5_010_line_n8_alternating_f6_cx48\manifest.json
11,test_v5_011_line_n10_alternating_f12_cx120,line,alternating,10,120,stage26/v1_best/k2,6,139,302,485.2523999288678,151,319,lightsabre,139,302,145,326,5,lightsabre,lightsabre:seed6,139,302,0,0,"4,6,3,2,0,8,9,7,5,1","7,3,2,5,6,4,8,9,0,1",True,True,True,26986.965400050394,C:\Users\carte\smpr-stage63\source\SMPR_quantum_router_stage63\results\stage63_v5_full_20260725\shards\shard_01\011_test_v5_011_line_n10_alternating_f12_cx120\selected_physical.qasm,C:\Users\carte\smpr-stage63\source\SMPR_quantum_router_stage63\results\stage63_v5_full_20260725\shards\shard_01\011_test_v5_011_line_n10_alternating_f12_cx120\selected_physical.qpy,C:\Users\carte\smpr-stage63\source\SMPR_quantum_router_stage63\results\stage63_v5_full_20260725\shards\shard_01\011_test_v5_011_line_n10_alternating_f12_cx120\manifest.json
12,test_v5_012_line_n8_parallel_layers_f3_cx24,line,parallel_layers,8,24,stage26/pool/k2,1,22,46,112.61949990876019,21,47,oaabr,21,47,21,43,5,hybrid,hybrid:ls_seed1,21,43,1,0,"6,1,3,2,0,5,4,7","4,0,5,7,2,1,3,6",True,True,True,618.1539999088272,C:\Users\carte\smpr-stage63\source\SMPR_quantum_router_stage63\results\stage63_v5_full_20260725\shards\shard_01\012_test_v5_012_line_n8_parallel_layers_f3_cx24\selected_physical.qasm,,C:\Users\carte\smpr-stage63\source\SMPR_quantum_router_stage63\results\stage63_v5_full_20260725\shards\shard_01\012_test_v5_012_line_n8_parallel_layers_f3_cx24\manifest.json
13,test_v5_013_line_n10_parallel_layers_f6_cx60,line,parallel_layers,10,60,stage26/pool/k2,17,58,104,182.9547001980245,60,106,lightsabre,58,104,55,100,5,hybrid,hybrid:ls_seed17,55,100,3,3,"8,0,1,4,2,5,6,3,7,9","8,1,2,7,0,3,6,5,9,4",True,True,True,4695.870599942282,C:\Users\carte\smpr-stage63\source\SMPR_quantum_router_stage63\results\stage63_v5_full_20260725\shards\shard_01\013_test_v5_013_line_n10_parallel_layers_f6_cx60\selected_physical.qasm,,C:\Users\carte\smpr-stage63\source\SMPR_quantum_router_stage63\results\stage63_v5_full_20260725\shards\shard_01\013_test_v5_013_line_n10_parallel_layers_f6_cx60\manifest.json
14,test_v5_014_line_n6_parallel_layers_f12_cx72,line,parallel_layers,6,72,stage26/pool/k2,17,50,139,173.24839998036623,53,151,lightsabre,50,139,52,153,10,lightsabre,lightsabre:seed17,50,139,0,0,"0,1,2,5,3,4","5,3,0,1,2,4",True,True,True,9203.924999921583,C:\Users\carte\smpr-stage63\source\SMPR_quantum_router_stage63\results\stage63_v5_full_20260725\shards\shard_01\014_test_v5_014_line_n6_parallel_layers_f12_cx72\selected_physical.qasm,C:\Users\carte\smpr-stage63\source\SMPR_quantum_router_stage63\results\stage63_v5_full_20260725\shards\shard_01\014_test_v5_014_line_n6_parallel_layers_f12_cx72\selected_physical.qpy,C:\Users\carte\smpr-stage63\source\SMPR_quantum_router_stage63\results\stage63_v5_full_20260725\shards\shard_01\014_test_v5_014_line_n6_parallel_layers_f12_cx72\manifest.json
15,test_v5_015_ring_n6_uniform_f3_cx18,ring,uniform,6,18,stage26/v1_best/k2,9,7,27,96.775799873285,6,31,oaabr,6,31,6,32,15,oaabr,native:early,6,31,1,0,"3,4,1,2,0,5","5,4,2,3,1,0",True,True,True,411.39479994308203,C:\Users\carte\smpr-stage63\source\SMPR_quantum_router_stage63\results\stage63_v5_full_20260725\shards\shard_02\015_test_v5_015_ring_n6_uniform_f3_cx18\selected_physical.qasm,,C:\Users\carte\smpr-stage63\source\SMPR_quantum_router_stage63\results\stage63_v5_full_20260725\shards\shard_02\015_test_v5_015_ring_n6_uniform_f3_cx18\manifest.json
16,test_v5_016_ring_n8_uniform_f6_cx48,ring,uniform,8,48,stage26/v1_best/k2,12,40,92,151.46890003234148,37,104,oaabr,37,104,35,88,5,hybrid,hybrid:ls_seed12,35,88,5,2,"0,4,3,7,6,2,5,1","6,2,3,7,1,0,4,5",True,True,True,1484.0725000249222,C:\Users\carte\smpr-stage63\source\SMPR_quantum_router_stage63\results\stage63_v5_full_20260725\shards\shard_02\016_test_v5_016_ring_n8_uniform_f6_cx48\selected_physical.qasm,,C:\Users\carte\smpr-stage63\source\SMPR_quantum_router_stage63\results\stage63_v5_full_20260725\shards\shard_02\016_test_v5_016_ring_n8_uniform_f6_cx48\manifest.json
17,test_v5_017_ring_n10_uniform_f12_cx120,ring,uniform,10,120,stage26/v1_best/k2,0,117,253,1216.4575000060722,115,213,oaabr,115,213,115,210,10,hybrid,hybrid:ls_seed8_neighbor3,115,210,2,0,"4,7,0,8,1,9,3,2,6,5","5,1,0,2,9,6,4,7,8,3",True,True,True,38446.206300053746,C:\Users\carte\smpr-stage63\source\SMPR_quantum_router_stage63\results\stage63_v5_full_20260725\shards\shard_02\017_test_v5_017_ring_n10_uniform_f12_cx120\selected_physical.qasm,,C:\Users\carte\smpr-stage63\source\SMPR_quantum_router_stage63\results\stage63_v5_full_20260725\shards\shard_02\017_test_v5_017_ring_n10_uniform_f12_cx120\manifest.json
18,test_v5_018_ring_n8_far_f3_cx24,ring,far,8,24,stage26/v1_best/k2,10,8,27,105.40179978124797,9,30,lightsabre,8,27,8,27,30,lightsabre,lightsabre:seed10,8,27,0,0,"0,6,4,1,2,7,5,3","0,7,3,5,1,4,6,2",True,True,True,547.5751000922173,C:\Users\carte\smpr-stage63\source\SMPR_quantum_router_stage63\results\stage63_v5_full_20260725\shards\shard_02\018_test_v5_018_ring_n8_far_f3_cx24\selected_physical.qasm,C:\Users\carte\smpr-stage63\source\SMPR_quantum_router_stage63\results\stage63_v5_full_20260725\shards\shard_02\018_test_v5_018_ring_n8_far_f3_cx24\selected_physical.qpy,C:\Users\carte\smpr-stage63\source\SMPR_quantum_router_stage63\results\stage63_v5_full_20260725\shards\shard_02\018_test_v5_018_ring_n8_far_f3_cx24\manifest.json
19,test_v5_019_ring_n10_far_f6_cx60,ring,far,10,60,stage27_ring_n10_far/local-search-b2-r1/rollout2-k2,14,31,58,421.32700025103986,29,65,oaabr,29,65,29,64,5,hybrid,hybrid:ls_seed14,29,64,2,0,"7,5,4,2,8,9,6,3,1,0","8,5,4,2,0,7,6,3,1,9",True,True,True,9531.384999980219,C:\Users\carte\smpr-stage63\source\SMPR_quantum_router_stage63\results\stage63_v5_full_20260725\shards\shard_02\019_test_v5_019_ring_n10_far_f6_cx60\selected_physical.qasm,,C:\Users\carte\smpr-stage63\source\SMPR_quantum_router_stage63\results\stage63_v5_full_20260725\shards\shard_02\019_test_v5_019_ring_n10_far_f6_cx60\manifest.json
20,test_v5_020_ring_n6_far_f12_cx72,ring,far,6,72,stage26/v1_best/k2,17,0,49,95.2528998022899,0,49,lightsabre,0,49,0,49,50,lightsabre,lightsabre:seed17,0,49,0,0,"0,5,3,1,4,2","0,5,3,1,4,2",True,True,True,270.17320005688816,C:\Users\carte\smpr-stage63\source\SMPR_quantum_router_stage63\results\stage63_v5_full_20260725\shards\shard_02\020_test_v5_020_ring_n6_far_f12_cx72\selected_physical.qasm,C:\Users\carte\smpr-stage63\source\SMPR_quantum_router_stage63\results\stage63_v5_full_20260725\shards\shard_02\020_test_v5_020_ring_n6_far_f12_cx72\selected_physical.qpy,C:\Users\carte\smpr-stage63\source\SMPR_quantum_router_stage63\results\stage63_v5_full_20260725\shards\shard_02\020_test_v5_020_ring_n6_far_f12_cx72\manifest.json
21,test_v5_021_ring_n10_phase_shift_f3_cx30,ring,phase_shift,10,30,stage26/v1_best/k2,1,18,36,342.0513999881223,18,44,lightsabre,18,36,18,30,15,hybrid,hybrid:ls_seed18_neighbor3,18,30,0,0,"2,4,6,7,9,1,3,5,8,0","0,2,4,5,6,7,3,8,9,1",True,True,True,2420.8246000343934,C:\Users\carte\smpr-stage63\source\SMPR_quantum_router_stage63\results\stage63_v5_full_20260725\shards\shard_01\021_test_v5_021_ring_n10_phase_shift_f3_cx30\selected_physical.qasm,,C:\Users\carte\smpr-stage63\source\SMPR_quantum_router_stage63\results\stage63_v5_full_20260725\shards\shard_01\021_test_v5_021_ring_n10_phase_shift_f3_cx30\manifest.json
22,test_v5_022_ring_n6_phase_shift_f6_cx36,ring,phase_shift,6,36,stage26/v1_best/k2,8,3,24,122.70990014076233,3,24,lightsabre,3,24,3,24,48,lightsabre,lightsabre:seed8,3,24,0,0,"1,0,4,2,5,3","1,0,5,4,3,2",True,True,True,363.1329999770969,C:\Users\carte\smpr-stage63\source\SMPR_quantum_router_stage63\results\stage63_v5_full_20260725\shards\shard_01\022_test_v5_022_ring_n6_phase_shift_f6_cx36\selected_physical.qasm,C:\Users\carte\smpr-stage63\source\SMPR_quantum_router_stage63\results\stage63_v5_full_20260725\shards\shard_01\022_test_v5_022_ring_n6_phase_shift_f6_cx36\selected_physical.qpy,C:\Users\carte\smpr-stage63\source\SMPR_quantum_router_stage63\results\stage63_v5_full_20260725\shards\shard_01\022_test_v5_022_ring_n6_phase_shift_f6_cx36\manifest.json
23,test_v5_023_ring_n8_phase_shift_f12_cx96,ring,phase_shift,8,96,stage26/v1_best/k2,14,31,107,184.78589958976954,42,132,lightsabre,31,107,30,115,30,hybrid,hybrid:ls_seed1,30,115,1,1,"7,6,3,1,0,4,5,2","5,6,7,0,1,2,3,4",True,True,True,9489.905499969609,C:\Users\carte\smpr-stage63\source\SMPR_quantum_router_stage63\results\stage63_v5_full_20260725\shards\shard_01\023_test_v5_023_ring_n8_phase_shift_f12_cx96\selected_physical.qasm,,C:\Users\carte\smpr-stage63\source\SMPR_quantum_router_stage63\results\stage63_v5_full_20260725\shards\shard_01\023_test_v5_023_ring_n8_phase_shift_f12_cx96\manifest.json
24,test_v5_024_ring_n6_alternating_f3_cx18,ring,alternating,6,18,stage26/v1_best/k2,13,9,39,98.95640006288886,10,46,lightsabre,9,39,9,43,45,lightsabre,lightsabre:seed13,9,39,0,0,"0,4,2,1,3,5","2,3,5,0,1,4",True,True,True,782.3667998891324,C:\Users\carte\smpr-stage63\source\SMPR_quantum_router_stage63\results\stage63_v5_full_20260725\shards\shard_03\024_test_v5_024_ring_n6_alternating_f3_cx18\selected_physical.qasm,C:\Users\carte\smpr-stage63\source\SMPR_quantum_router_stage63\results\stage63_v5_full_20260725\shards\shard_03\024_test_v5_024_ring_n6_alternating_f3_cx18\selected_physical.qpy,C:\Users\carte\smpr-stage63\source\SMPR_quantum_router_stage63\results\stage63_v5_full_20260725\shards\shard_03\024_test_v5_024_ring_n6_alternating_f3_cx18\manifest.json
25,test_v5_025_ring_n8_alternating_f6_cx48,ring,alternating,8,48,stage26/v1_best/k2,7,23,63,147.50960015226156,30,78,lightsabre,23,63,22,70,50,hybrid,hybrid:ls_seed7_neighbor1,22,70,1,1,"2,5,3,0,7,6,4,1","7,6,3,1,0,5,4,2",True,True,True,9795.405499986373,C:\Users\carte\smpr-stage63\source\SMPR_quantum_router_stage63\results\stage63_v5_full_20260725\shards\shard_03\025_test_v5_025_ring_n8_alternating_f6_cx48\selected_physical.qasm,,C:\Users\carte\smpr-stage63\source\SMPR_quantum_router_stage63\results\stage63_v5_full_20260725\shards\shard_03\025_test_v5_025_ring_n8_alternating_f6_cx48\manifest.json
26,test_v5_026_ring_n10_alternating_f12_cx120,ring,alternating,10,120,stage26/v1_best/k2,0,105,222,293.62690006382763,101,213,oaabr,101,213,100,213,15,hybrid,hybrid:ls_seed13,100,213,5,1,"4,1,9,8,5,3,2,0,7,6","2,5,4,7,3,1,0,9,8,6",True,True,True,39973.612700006925,C:\Users\carte\smpr-stage63\source\SMPR_quantum_router_stage63\results\stage63_v5_full_20260725\shards\shard_03\026_test_v5_026_ring_n10_alternating_f12_cx120\selected_physical.qasm,,C:\Users\carte\smpr-stage63\source\SMPR_quantum_router_stage63\results\stage63_v5_full_20260725\shards\shard_03\026_test_v5_026_ring_n10_alternating_f12_cx120\manifest.json
27,test_v5_027_ring_n8_parallel_layers_f3_cx24,ring,parallel_layers,8,24,stage26/pool/k2,5,12,25,112.27500019595027,13,25,lightsabre,12,25,11,27,30,hybrid,hybrid:ls_seed12_neighbor4,11,27,1,1,"1,2,3,0,7,4,6,5","2,0,3,1,5,6,7,4",True,True,True,847.0629999646917,C:\Users\carte\smpr-stage63\source\SMPR_quantum_router_stage63\results\stage63_v5_full_20260725\shards\shard_03\027_test_v5_027_ring_n8_parallel_layers_f3_cx24\selected_physical.qasm,,C:\Users\carte\smpr-stage63\source\SMPR_quantum_router_stage63\results\stage63_v5_full_20260725\shards\shard_03\027_test_v5_027_ring_n8_parallel_layers_f3_cx24\manifest.json
28,test_v5_028_ring_n10_parallel_layers_f6_cx60,ring,parallel_layers,10,60,stage26/pool/k2,10,50,86,182.86949954926968,52,85,lightsabre,50,86,47,85,25,hybrid,hybrid:ls_seed10_neighbor1,47,85,3,3,"1,7,8,0,5,4,6,3,2,9","4,0,8,9,2,6,5,1,3,7",True,True,True,15225.127200013958,C:\Users\carte\smpr-stage63\source\SMPR_quantum_router_stage63\results\stage63_v5_full_20260725\shards\shard_03\028_test_v5_028_ring_n10_parallel_layers_f6_cx60\selected_physical.qasm,,C:\Users\carte\smpr-stage63\source\SMPR_quantum_router_stage63\results\stage63_v5_full_20260725\shards\shard_03\028_test_v5_028_ring_n10_parallel_layers_f6_cx60\manifest.json
29,test_v5_029_ring_n6_parallel_layers_f12_cx72,ring,parallel_layers,6,72,stage26/pool/k2,4,32,87,240.02900044433773,30,87,oaabr,30,87,29,84,10,hybrid,hybrid:ls_seed8_neighbor1,29,84,3,1,"2,3,5,0,1,4","4,2,0,3,5,1",True,True,True,3330.9940999606624,C:\Users\carte\smpr-stage63\source\SMPR_quantum_router_stage63\results\stage63_v5_full_20260725\shards\shard_03\029_test_v5_029_ring_n6_parallel_layers_f12_cx72\selected_physical.qasm,,C:\Users\carte\smpr-stage63\source\SMPR_quantum_router_stage63\results\stage63_v5_full_20260725\shards\shard_03\029_test_v5_029_ring_n6_parallel_layers_f12_cx72\manifest.json
30,test_v5_030_grid_n6_uniform_f3_cx18,grid,uniform,6,18,stage26/v1_best/k2,9,2,19,105.18880025483668,5,22,lightsabre,2,19,2,19,20,lightsabre,lightsabre:seed9,2,19,0,0,"1,0,5,4,3,2","1,0,2,3,4,5",True,True,True,224.39240000676364,C:\Users\carte\smpr-stage63\source\SMPR_quantum_router_stage63\results\stage63_v5_full_20260725\shards\shard_00\030_test_v5_030_grid_n6_uniform_f3_cx18\selected_physical.qasm,C:\Users\carte\smpr-stage63\source\SMPR_quantum_router_stage63\results\stage63_v5_full_20260725\shards\shard_00\030_test_v5_030_grid_n6_uniform_f3_cx18\selected_physical.qpy,C:\Users\carte\smpr-stage63\source\SMPR_quantum_router_stage63\results\stage63_v5_full_20260725\shards\shard_00\030_test_v5_030_grid_n6_uniform_f3_cx18\manifest.json
31,test_v5_031_grid_n8_uniform_f6_cx48,grid,uniform,8,48,stage30_grid_uniform_k2/proxy-d095-top8/rollout2-k2,2,12,54,148.58439995441586,14,68,lightsabre,12,54,12,62,10,lightsabre,lightsabre:seed2,12,54,0,0,"0,6,5,7,3,4,1,2","6,4,5,1,7,0,3,2",True,True,True,1275.9805000387132,C:\Users\carte\smpr-stage63\source\SMPR_quantum_router_stage63\results\stage63_v5_full_20260725\shards\shard_00\031_test_v5_031_grid_n8_uniform_f6_cx48\selected_physical.qasm,C:\Users\carte\smpr-stage63\source\SMPR_quantum_router_stage63\results\stage63_v5_full_20260725\shards\shard_00\031_test_v5_031_grid_n8_uniform_f6_cx48\selected_physical.qpy,C:\Users\carte\smpr-stage63\source\SMPR_quantum_router_stage63\results\stage63_v5_full_20260725\shards\shard_00\031_test_v5_031_grid_n8_uniform_f6_cx48\manifest.json
32,test_v5_032_grid_n10_uniform_f12_cx120,grid,uniform,10,120,stage30_grid_uniform_k2/proxy-d095-top8/rollout2-k2,17,68,168,283.55720010586083,77,208,lightsabre,68,168,69,162,5,lightsabre,lightsabre:seed17,68,168,0,0,"2,7,3,8,6,4,0,5,9,1","8,7,1,6,9,4,2,5,3,0",True,True,True,29899.530000053346,C:\Users\carte\smpr-stage63\source\SMPR_quantum_router_stage63\results\stage63_v5_full_20260725\shards\shard_00\032_test_v5_032_grid_n10_uniform_f12_cx120\selected_physical.qasm,C:\Users\carte\smpr-stage63\source\SMPR_quantum_router_stage63\results\stage63_v5_full_20260725\shards\shard_00\032_test_v5_032_grid_n10_uniform_f12_cx120\selected_physical.qpy,C:\Users\carte\smpr-stage63\source\SMPR_quantum_router_stage63\results\stage63_v5_full_20260725\shards\shard_00\032_test_v5_032_grid_n10_uniform_f12_cx120\manifest.json
33,test_v5_033_grid_n8_far_f3_cx24,grid,far,8,24,stage26/v1_best/k2,3,2,20,145.73100034613162,5,26,lightsabre,2,20,2,20,5,lightsabre,lightsabre:seed3,2,20,0,0,"3,0,4,6,5,2,7,1","2,0,4,6,5,7,3,1",True,True,True,233.07419999036938,C:\Users\carte\smpr-stage63\source\SMPR_quantum_router_stage63\results\stage63_v5_full_20260725\shards\shard_00\033_test_v5_033_grid_n8_far_f3_cx24\selected_physical.qasm,C:\Users\carte\smpr-stage63\source\SMPR_quantum_router_stage63\results\stage63_v5_full_20260725\shards\shard_00\033_test_v5_033_grid_n8_far_f3_cx24\selected_physical.qpy,C:\Users\carte\smpr-stage63\source\SMPR_quantum_router_stage63\results\stage63_v5_full_20260725\shards\shard_00\033_test_v5_033_grid_n8_far_f3_cx24\manifest.json
34,test_v5_034_grid_n10_far_f6_cx60,grid,far,10,60,stage26/v1_best/k2,0,17,64,233.6907999124378,19,65,lightsabre,17,64,18,77,10,lightsabre,lightsabre:seed0,17,64,0,0,"7,3,1,4,6,9,0,5,8,2","5,3,0,4,7,8,2,6,9,1",True,True,True,1873.6213999800384,C:\Users\carte\smpr-stage63\source\SMPR_quantum_router_stage63\results\stage63_v5_full_20260725\shards\shard_00\034_test_v5_034_grid_n10_far_f6_cx60\selected_physical.qasm,C:\Users\carte\smpr-stage63\source\SMPR_quantum_router_stage63\results\stage63_v5_full_20260725\shards\shard_00\034_test_v5_034_grid_n10_far_f6_cx60\selected_physical.qpy,C:\Users\carte\smpr-stage63\source\SMPR_quantum_router_stage63\results\stage63_v5_full_20260725\shards\shard_00\034_test_v5_034_grid_n10_far_f6_cx60\manifest.json
35,test_v5_035_grid_n6_far_f12_cx72,grid,far,6,72,stage26/v1_best/k2,11,5,68,157.53880015108734,5,72,lightsabre,5,68,5,68,20,lightsabre,lightsabre:seed11,5,68,0,0,"4,2,3,0,5,1","5,2,3,0,4,1",True,True,True,620.0586000923067,C:\Users\carte\smpr-stage63\source\SMPR_quantum_router_stage63\results\stage63_v5_full_20260725\shards\shard_00\035_test_v5_035_grid_n6_far_f12_cx72\selected_physical.qasm,C:\Users\carte\smpr-stage63\source\SMPR_quantum_router_stage63\results\stage63_v5_full_20260725\shards\shard_00\035_test_v5_035_grid_n6_far_f12_cx72\selected_physical.qpy,C:\Users\carte\smpr-stage63\source\SMPR_quantum_router_stage63\results\stage63_v5_full_20260725\shards\shard_00\035_test_v5_035_grid_n6_far_f12_cx72\manifest.json
36,test_v5_036_grid_n10_phase_shift_f3_cx30,grid,phase_shift,10,30,stage26/v1_best/k2,11,8,38,134.7842999966815,14,43,lightsabre,8,38,10,40,5,lightsabre,lightsabre:seed11,8,38,0,0,"8,6,7,9,3,0,2,4,5,1","5,6,7,9,4,0,1,2,8,3",True,True,True,375.51889999303967,C:\Users\carte\smpr-stage63\source\SMPR_quantum_router_stage63\results\stage63_v5_full_20260725\shards\shard_02\036_test_v5_036_grid_n10_phase_shift_f3_cx30\selected_physical.qasm,C:\Users\carte\smpr-stage63\source\SMPR_quantum_router_stage63\results\stage63_v5_full_20260725\shards\shard_02\036_test_v5_036_grid_n10_phase_shift_f3_cx30\selected_physical.qpy,C:\Users\carte\smpr-stage63\source\SMPR_quantum_router_stage63\results\stage63_v5_full_20260725\shards\shard_02\036_test_v5_036_grid_n10_phase_shift_f3_cx30\manifest.json
37,test_v5_037_grid_n6_phase_shift_f6_cx36,grid,phase_shift,6,36,stage26/v1_best/k2,11,3,33,101.69309959746897,6,41,lightsabre,3,33,4,38,20,lightsabre,lightsabre:seed11,3,33,0,0,"1,0,5,4,2,3","0,1,4,3,2,5",True,True,True,307.7657000394538,C:\Users\carte\smpr-stage63\source\SMPR_quantum_router_stage63\results\stage63_v5_full_20260725\shards\shard_02\037_test_v5_037_grid_n6_phase_shift_f6_cx36\selected_physical.qasm,C:\Users\carte\smpr-stage63\source\SMPR_quantum_router_stage63\results\stage63_v5_full_20260725\shards\shard_02\037_test_v5_037_grid_n6_phase_shift_f6_cx36\selected_physical.qpy,C:\Users\carte\smpr-stage63\source\SMPR_quantum_router_stage63\results\stage63_v5_full_20260725\shards\shard_02\037_test_v5_037_grid_n6_phase_shift_f6_cx36\manifest.json
38,test_v5_038_grid_n8_phase_shift_f12_cx96,grid,phase_shift,8,96,stage26/v1_best/k2,17,19,104,162.76049974840134,23,113,lightsabre,19,104,19,107,20,lightsabre,lightsabre:seed17,19,104,0,0,"2,0,7,6,5,4,3,1","4,5,6,7,0,1,2,3",True,True,True,5369.327699998394,C:\Users\carte\smpr-stage63\source\SMPR_quantum_router_stage63\results\stage63_v5_full_20260725\shards\shard_02\038_test_v5_038_grid_n8_phase_shift_f12_cx96\selected_physical.qasm,C:\Users\carte\smpr-stage63\source\SMPR_quantum_router_stage63\results\stage63_v5_full_20260725\shards\shard_02\038_test_v5_038_grid_n8_phase_shift_f12_cx96\selected_physical.qpy,C:\Users\carte\smpr-stage63\source\SMPR_quantum_router_stage63\results\stage63_v5_full_20260725\shards\shard_02\038_test_v5_038_grid_n8_phase_shift_f12_cx96\manifest.json
39,test_v5_039_grid_n6_alternating_f3_cx18,grid,alternating,6,18,stage26/v1_best/k2,6,5,25,148.32610019948334,5,26,lightsabre,5,25,5,22,15,hybrid,hybrid:ls_seed5_neighbor1,5,22,0,0,"4,0,2,5,3,1","3,4,1,5,0,2",True,True,True,287.3263999354094,C:\Users\carte\smpr-stage63\source\SMPR_quantum_router_stage63\results\stage63_v5_full_20260725\shards\shard_01\039_test_v5_039_grid_n6_alternating_f3_cx18\selected_physical.qasm,,C:\Users\carte\smpr-stage63\source\SMPR_quantum_router_stage63\results\stage63_v5_full_20260725\shards\shard_01\039_test_v5_039_grid_n6_alternating_f3_cx18\manifest.json
40,test_v5_040_grid_n8_alternating_f6_cx48,grid,alternating,8,48,stage26/v1_best/k2,12,19,66,234.1505001531914,26,74,lightsabre,19,66,21,69,10,lightsabre,lightsabre:seed12,19,66,0,0,"1,2,5,6,3,7,0,4","1,2,3,4,0,6,7,5",True,True,True,2021.7675000894815,C:\Users\carte\smpr-stage63\source\SMPR_quantum_router_stage63\results\stage63_v5_full_20260725\shards\shard_01\040_test_v5_040_grid_n8_alternating_f6_cx48\selected_physical.qasm,C:\Users\carte\smpr-stage63\source\SMPR_quantum_router_stage63\results\stage63_v5_full_20260725\shards\shard_01\040_test_v5_040_grid_n8_alternating_f6_cx48\selected_physical.qpy,C:\Users\carte\smpr-stage63\source\SMPR_quantum_router_stage63\results\stage63_v5_full_20260725\shards\shard_01\040_test_v5_040_grid_n8_alternating_f6_cx48\manifest.json
41,test_v5_041_grid_n10_alternating_f12_cx120,grid,alternating,10,120,stage31_grid_n10_alternating_k4/proxy-d095-top8/rollout2-k4,17,58,167,430.73889962397516,69,193,lightsabre,58,167,69,192,5,lightsabre,lightsabre:seed17,58,167,0,0,"0,5,2,9,4,8,3,7,6,1","0,2,6,1,4,8,3,9,5,7",True,True,True,49579.940899973735,C:\Users\carte\smpr-stage63\source\SMPR_quantum_router_stage63\results\stage63_v5_full_20260725\shards\shard_01\041_test_v5_041_grid_n10_alternating_f12_cx120\selected_physical.qasm,C:\Users\carte\smpr-stage63\source\SMPR_quantum_router_stage63\results\stage63_v5_full_20260725\shards\shard_01\041_test_v5_041_grid_n10_alternating_f12_cx120\selected_physical.qpy,C:\Users\carte\smpr-stage63\source\SMPR_quantum_router_stage63\results\stage63_v5_full_20260725\shards\shard_01\041_test_v5_041_grid_n10_alternating_f12_cx120\manifest.json
42,test_v5_042_grid_n8_parallel_layers_f3_cx24,grid,parallel_layers,8,24,stage26/pool/k2,14,6,20,115.8232995076105,8,23,lightsabre,6,20,6,20,5,lightsabre,lightsabre:seed14,6,20,0,0,"4,6,3,2,7,0,1,5","6,4,1,2,7,0,3,5",True,True,True,295.4657000955194,C:\Users\carte\smpr-stage63\source\SMPR_quantum_router_stage63\results\stage63_v5_full_20260725\shards\shard_01\042_test_v5_042_grid_n8_parallel_layers_f3_cx24\selected_physical.qasm,C:\Users\carte\smpr-stage63\source\SMPR_quantum_router_stage63\results\stage63_v5_full_20260725\shards\shard_01\042_test_v5_042_grid_n8_parallel_layers_f3_cx24\selected_physical.qpy,C:\Users\carte\smpr-stage63\source\SMPR_quantum_router_stage63\results\stage63_v5_full_20260725\shards\shard_01\042_test_v5_042_grid_n8_parallel_layers_f3_cx24\manifest.json
43,test_v5_043_grid_n10_parallel_layers_f6_cx60,grid,parallel_layers,10,60,stage26/pool/k2,7,27,66,165.04720028024167,35,95,lightsabre,27,66,28,88,10,lightsabre,lightsabre:seed7,27,66,0,0,"5,1,6,4,7,0,3,2,8,9","1,9,4,2,7,0,3,8,6,5",True,True,True,4076.89919997938,C:\Users\carte\smpr-stage63\source\SMPR_quantum_router_stage63\results\stage63_v5_full_20260725\shards\shard_01\043_test_v5_043_grid_n10_parallel_layers_f6_cx60\selected_physical.qasm,C:\Users\carte\smpr-stage63\source\SMPR_quantum_router_stage63\results\stage63_v5_full_20260725\shards\shard_01\043_test_v5_043_grid_n10_parallel_layers_f6_cx60\selected_physical.qpy,C:\Users\carte\smpr-stage63\source\SMPR_quantum_router_stage63\results\stage63_v5_full_20260725\shards\shard_01\043_test_v5_043_grid_n10_parallel_layers_f6_cx60\manifest.json
44,test_v5_044_grid_n6_parallel_layers_f12_cx72,grid,parallel_layers,6,72,stage26/pool/k2,5,17,66,126.77059986162931,17,69,lightsabre,17,66,17,67,15,lightsabre,lightsabre:seed5,17,66,0,0,"4,2,0,5,1,3","5,4,1,2,0,3",True,True,True,1474.9780999263749,C:\Users\carte\smpr-stage63\source\SMPR_quantum_router_stage63\results\stage63_v5_full_20260725\shards\shard_01\044_test_v5_044_grid_n6_parallel_layers_f12_cx72\selected_physical.qasm,C:\Users\carte\smpr-stage63\source\SMPR_quantum_router_stage63\results\stage63_v5_full_20260725\shards\shard_01\044_test_v5_044_grid_n6_parallel_layers_f12_cx72\selected_physical.qpy,C:\Users\carte\smpr-stage63\source\SMPR_quantum_router_stage63\results\stage63_v5_full_20260725\shards\shard_01\044_test_v5_044_grid_n6_parallel_layers_f12_cx72\manifest.json
45,test_v5_045_random_n6_uniform_f3_cx18,random,uniform,6,18,stage26/v1_best/k2,13,4,24,141.8609000975266,5,27,lightsabre,4,24,4,24,8,lightsabre,lightsabre:seed13,4,24,0,0,"4,0,1,2,3,5","4,0,2,1,5,3",True,True,True,245.53289997857064,C:\Users\carte\smpr-stage63\source\SMPR_quantum_router_stage63\results\stage63_v5_full_20260725\shards\shard_02\045_test_v5_045_random_n6_uniform_f3_cx18\selected_physical.qasm,C:\Users\carte\smpr-stage63\source\SMPR_quantum_router_stage63\results\stage63_v5_full_20260725\shards\shard_02\045_test_v5_045_random_n6_uniform_f3_cx18\selected_physical.qpy,C:\Users\carte\smpr-stage63\source\SMPR_quantum_router_stage63\results\stage63_v5_full_20260725\shards\shard_02\045_test_v5_045_random_n6_uniform_f3_cx18\manifest.json
46,test_v5_046_random_n8_uniform_f6_cx48,random,uniform,8,48,stage26/v1_best/k2,10,22,80,255.30419975984842,23,94,lightsabre,22,80,22,88,5,lightsabre,lightsabre:seed10,22,80,0,0,"4,2,1,5,6,0,3,7","4,0,5,6,1,7,3,2",True,True,True,1293.246499961242,C:\Users\carte\smpr-stage63\source\SMPR_quantum_router_stage63\results\stage63_v5_full_20260725\shards\shard_02\046_test_v5_046_random_n8_uniform_f6_cx48\selected_physical.qasm,C:\Users\carte\smpr-stage63\source\SMPR_quantum_router_stage63\results\stage63_v5_full_20260725\shards\shard_02\046_test_v5_046_random_n8_uniform_f6_cx48\selected_physical.qpy,C:\Users\carte\smpr-stage63\source\SMPR_quantum_router_stage63\results\stage63_v5_full_20260725\shards\shard_02\046_test_v5_046_random_n8_uniform_f6_cx48\manifest.json
47,test_v5_047_random_n10_uniform_f12_cx120,random,uniform,10,120,stage26/v1_best/k2,15,60,190,412.8983999835327,67,213,lightsabre,60,190,62,218,5,lightsabre,lightsabre:seed15,60,190,0,0,"2,0,7,1,5,8,9,4,6,3","2,5,4,3,6,9,1,8,7,0",True,True,True,16078.25599994976,C:\Users\carte\smpr-stage63\source\SMPR_quantum_router_stage63\results\stage63_v5_full_20260725\shards\shard_02\047_test_v5_047_random_n10_uniform_f12_cx120\selected_physical.qasm,C:\Users\carte\smpr-stage63\source\SMPR_quantum_router_stage63\results\stage63_v5_full_20260725\shards\shard_02\047_test_v5_047_random_n10_uniform_f12_cx120\selected_physical.qpy,C:\Users\carte\smpr-stage63\source\SMPR_quantum_router_stage63\results\stage63_v5_full_20260725\shards\shard_02\047_test_v5_047_random_n10_uniform_f12_cx120\manifest.json
48,test_v5_048_random_n8_far_f3_cx24,random,far,8,24,stage26/v1_best/k2,16,3,28,158.65680016577244,4,31,lightsabre,3,28,3,26,17,hybrid,hybrid:ls_seed0_neighbor1,3,26,0,0,"3,5,4,7,2,1,0,6","3,5,4,2,7,1,0,6",True,True,True,349.9745998997241,C:\Users\carte\smpr-stage63\source\SMPR_quantum_router_stage63\results\stage63_v5_full_20260725\shards\shard_02\048_test_v5_048_random_n8_far_f3_cx24\selected_physical.qasm,,C:\Users\carte\smpr-stage63\source\SMPR_quantum_router_stage63\results\stage63_v5_full_20260725\shards\shard_02\048_test_v5_048_random_n8_far_f3_cx24\manifest.json
49,test_v5_049_random_n10_far_f6_cx60,random,far,10,60,stage26/v1_best/k2,10,10,52,217.35660010017455,10,70,lightsabre,10,52,10,52,5,lightsabre,lightsabre:seed10,10,52,0,0,"4,2,1,3,7,0,8,9,5,6","4,1,6,3,7,8,9,0,5,2",True,True,True,742.950199986808,C:\Users\carte\smpr-stage63\source\SMPR_quantum_router_stage63\results\stage63_v5_full_20260725\shards\shard_02\049_test_v5_049_random_n10_far_f6_cx60\selected_physical.qasm,C:\Users\carte\smpr-stage63\source\SMPR_quantum_router_stage63\results\stage63_v5_full_20260725\shards\shard_02\049_test_v5_049_random_n10_far_f6_cx60\selected_physical.qpy,C:\Users\carte\smpr-stage63\source\SMPR_quantum_router_stage63\results\stage63_v5_full_20260725\shards\shard_02\049_test_v5_049_random_n10_far_f6_cx60\manifest.json
50,test_v5_050_random_n6_far_f12_cx72,random,far,6,72,stage26/v1_best/k2,11,0,63,173.52799989748746,0,63,lightsabre,0,63,0,63,25,lightsabre,lightsabre:seed11,0,63,0,0,"5,2,1,0,3,4","5,2,1,0,3,4",True,True,True,365.5171999707818,C:\Users\carte\smpr-stage63\source\SMPR_quantum_router_stage63\results\stage63_v5_full_20260725\shards\shard_02\050_test_v5_050_random_n6_far_f12_cx72\selected_physical.qasm,C:\Users\carte\smpr-stage63\source\SMPR_quantum_router_stage63\results\stage63_v5_full_20260725\shards\shard_02\050_test_v5_050_random_n6_far_f12_cx72\selected_physical.qpy,C:\Users\carte\smpr-stage63\source\SMPR_quantum_router_stage63\results\stage63_v5_full_20260725\shards\shard_02\050_test_v5_050_random_n6_far_f12_cx72\manifest.json
51,test_v5_051_random_n10_phase_shift_f3_cx30,random,phase_shift,10,30,stage26/v1_best/k2,10,6,23,171.68300016783178,13,48,lightsabre,6,23,6,23,5,lightsabre,lightsabre:seed10,6,23,0,0,"1,6,7,5,4,0,9,3,2,8","4,6,9,3,1,0,5,7,2,8",True,True,True,444.3186999997124,C:\Users\carte\smpr-stage63\source\SMPR_quantum_router_stage63\results\stage63_v5_full_20260725\shards\shard_03\051_test_v5_051_random_n10_phase_shift_f3_cx30\selected_physical.qasm,C:\Users\carte\smpr-stage63\source\SMPR_quantum_router_stage63\results\stage63_v5_full_20260725\shards\shard_03\051_test_v5_051_random_n10_phase_shift_f3_cx30\selected_physical.qpy,C:\Users\carte\smpr-stage63\source\SMPR_quantum_router_stage63\results\stage63_v5_full_20260725\shards\shard_03\051_test_v5_051_random_n10_phase_shift_f3_cx30\manifest.json
52,test_v5_052_random_n6_phase_shift_f6_cx36,random,phase_shift,6,36,stage26/v1_best/k2,13,1,34,151.7310997005552,4,37,lightsabre,1,34,1,34,10,lightsabre,lightsabre:seed13,1,34,0,0,"5,4,0,2,1,3","1,4,0,2,5,3",True,True,True,265.52469993475825,C:\Users\carte\smpr-stage63\source\SMPR_quantum_router_stage63\results\stage63_v5_full_20260725\shards\shard_03\052_test_v5_052_random_n6_phase_shift_f6_cx36\selected_physical.qasm,C:\Users\carte\smpr-stage63\source\SMPR_quantum_router_stage63\results\stage63_v5_full_20260725\shards\shard_03\052_test_v5_052_random_n6_phase_shift_f6_cx36\selected_physical.qpy,C:\Users\carte\smpr-stage63\source\SMPR_quantum_router_stage63\results\stage63_v5_full_20260725\shards\shard_03\052_test_v5_052_random_n6_phase_shift_f6_cx36\manifest.json
53,test_v5_053_random_n8_phase_shift_f12_cx96,random,phase_shift,8,96,stage26/v1_best/k2,0,13,101,241.180699900724,19,111,lightsabre,13,101,12,89,12,hybrid,hybrid:ls_seed2,12,89,1,1,"4,0,2,7,1,5,6,3","0,1,5,3,7,2,4,6",True,True,True,2332.113999989815,C:\Users\carte\smpr-stage63\source\SMPR_quantum_router_stage63\results\stage63_v5_full_20260725\shards\shard_03\053_test_v5_053_random_n8_phase_shift_f12_cx96\selected_physical.qasm,,C:\Users\carte\smpr-stage63\source\SMPR_quantum_router_stage63\results\stage63_v5_full_20260725\shards\shard_03\053_test_v5_053_random_n8_phase_shift_f12_cx96\manifest.json
54,test_v5_054_random_n6_alternating_f3_cx18,random,alternating,6,18,stage26/v1_best/k2,0,2,19,146.8114999588579,2,19,lightsabre,2,19,2,19,8,lightsabre,lightsabre:seed0,2,19,0,0,"2,1,4,5,3,0","2,1,4,5,3,0",True,True,True,216.30550001282245,C:\Users\carte\smpr-stage63\source\SMPR_quantum_router_stage63\results\stage63_v5_full_20260725\shards\shard_03\054_test_v5_054_random_n6_alternating_f3_cx18\selected_physical.qasm,C:\Users\carte\smpr-stage63\source\SMPR_quantum_router_stage63\results\stage63_v5_full_20260725\shards\shard_03\054_test_v5_054_random_n6_alternating_f3_cx18\selected_physical.qpy,C:\Users\carte\smpr-stage63\source\SMPR_quantum_router_stage63\results\stage63_v5_full_20260725\shards\shard_03\054_test_v5_054_random_n6_alternating_f3_cx18\manifest.json
55,test_v5_055_random_n8_alternating_f6_cx48,random,alternating,8,48,stage26/v1_best/k2,14,13,62,209.87010013777763,17,76,lightsabre,13,62,15,69,5,lightsabre,lightsabre:seed14,13,62,0,0,"6,0,5,7,3,2,4,1","0,5,6,7,1,2,4,3",True,True,True,869.934800080955,C:\Users\carte\smpr-stage63\source\SMPR_quantum_router_stage63\results\stage63_v5_full_20260725\shards\shard_03\055_test_v5_055_random_n8_alternating_f6_cx48\selected_physical.qasm,C:\Users\carte\smpr-stage63\source\SMPR_quantum_router_stage63\results\stage63_v5_full_20260725\shards\shard_03\055_test_v5_055_random_n8_alternating_f6_cx48\selected_physical.qpy,C:\Users\carte\smpr-stage63\source\SMPR_quantum_router_stage63\results\stage63_v5_full_20260725\shards\shard_03\055_test_v5_055_random_n8_alternating_f6_cx48\manifest.json
56,test_v5_056_random_n10_alternating_f12_cx120,random,alternating,10,120,stage26/v1_best/k2,6,59,219,410.87930009234697,60,207,lightsabre,59,219,57,221,5,hybrid,hybrid:ls_seed6_neighbor2,57,221,2,2,"8,3,9,0,1,2,5,4,6,7","6,5,8,3,9,7,2,1,0,4",True,True,True,12023.823500028811,C:\Users\carte\smpr-stage63\source\SMPR_quantum_router_stage63\results\stage63_v5_full_20260725\shards\shard_03\056_test_v5_056_random_n10_alternating_f12_cx120\selected_physical.qasm,,C:\Users\carte\smpr-stage63\source\SMPR_quantum_router_stage63\results\stage63_v5_full_20260725\shards\shard_03\056_test_v5_056_random_n10_alternating_f12_cx120\manifest.json
57,test_v5_057_random_n8_parallel_layers_f3_cx24,random,parallel_layers,8,24,stage26/pool/k2,19,8,29,149.1574002429843,9,39,lightsabre,8,29,8,32,5,lightsabre,lightsabre:seed19,8,29,0,0,"2,0,4,3,7,6,5,1","2,4,0,5,1,7,3,6",True,True,True,371.07360002119094,C:\Users\carte\smpr-stage63\source\SMPR_quantum_router_stage63\results\stage63_v5_full_20260725\shards\shard_03\057_test_v5_057_random_n8_parallel_layers_f3_cx24\selected_physical.qasm,C:\Users\carte\smpr-stage63\source\SMPR_quantum_router_stage63\results\stage63_v5_full_20260725\shards\shard_03\057_test_v5_057_random_n8_parallel_layers_f3_cx24\selected_physical.qpy,C:\Users\carte\smpr-stage63\source\SMPR_quantum_router_stage63\results\stage63_v5_full_20260725\shards\shard_03\057_test_v5_057_random_n8_parallel_layers_f3_cx24\manifest.json
58,test_v5_058_random_n10_parallel_layers_f6_cx60,random,parallel_layers,10,60,stage26/pool/k2,11,25,78,193.90009983908385,27,85,lightsabre,25,78,28,78,5,lightsabre,lightsabre:seed11,25,78,0,0,"4,6,1,5,3,7,9,2,8,0","6,2,0,4,8,1,9,5,7,3",True,True,True,2431.3355999765918,C:\Users\carte\smpr-stage63\source\SMPR_quantum_router_stage63\results\stage63_v5_full_20260725\shards\shard_03\058_test_v5_058_random_n10_parallel_layers_f6_cx60\selected_physical.qasm,C:\Users\carte\smpr-stage63\source\SMPR_quantum_router_stage63\results\stage63_v5_full_20260725\shards\shard_03\058_test_v5_058_random_n10_parallel_layers_f6_cx60\selected_physical.qpy,C:\Users\carte\smpr-stage63\source\SMPR_quantum_router_stage63\results\stage63_v5_full_20260725\shards\shard_03\058_test_v5_058_random_n10_parallel_layers_f6_cx60\manifest.json
59,test_v5_059_random_n6_parallel_layers_f12_cx72,random,parallel_layers,6,72,stage26/pool/k2,0,17,71,135.6193000683561,20,74,lightsabre,17,71,17,66,29,hybrid,hybrid:ls_seed9,17,66,0,0,"0,1,3,2,4,5","4,1,2,0,3,5",True,True,True,3797.634100075811,C:\Users\carte\smpr-stage63\source\SMPR_quantum_router_stage63\results\stage63_v5_full_20260725\shards\shard_03\059_test_v5_059_random_n6_parallel_layers_f12_cx72\selected_physical.qasm,,C:\Users\carte\smpr-stage63\source\SMPR_quantum_router_stage63\results\stage63_v5_full_20260725\shards\shard_03\059_test_v5_059_random_n6_parallel_layers_f12_cx72\manifest.json
