case_index,instance,topology,circuit_mode,num_qubits,cx_count,independent_rollout_variant,lightsabre_seed,lightsabre_swap,lightsabre_depth,lightsabre_budget_ms,independent_rollout_swap,independent_rollout_depth,baseline_rollout_backend,baseline_rollout_safe_swap,baseline_rollout_safe_depth,cross_layout_swap,cross_layout_depth,cross_layout_attempts,selected_backend,selected_label,selected_swap,selected_depth,gain_vs_lightsabre,gain_vs_baseline_rollout,initial_mapping,final_mapping,semantic_equivalent,topology_valid,metric_valid,wall_ms
0,blind_v6_000_r0_line_n8_uniform_f3_cx24,line,uniform,8,24,adaptive_mapping/v1_best/k2,12,19,44,130.57550007943064,19,46,lightsabre,19,44,18,48,10,cross_layout,cross_layout:ls_seed11,18,48,1,1,"7,6,2,5,1,4,3,0","5,7,2,0,3,1,6,4",True,True,True,966.6105000069365
1,blind_v6_001_r0_line_n10_uniform_f6_cx60,line,uniform,10,60,adaptive_mapping/v1_best/k2,8,83,147,221.55290027149022,86,175,lightsabre,83,147,91,167,5,lightsabre,lightsabre:seed8,83,147,0,0,"5,3,1,8,7,9,2,4,6,0","6,5,1,2,4,7,0,3,9,8",True,True,True,6831.039299955592
2,blind_v6_002_r0_line_n6_uniform_f12_cx72,line,uniform,6,72,adaptive_mapping/v1_best/k2,8,54,175,180.26439961977303,45,148,independent_rollout,45,148,43,142,10,cross_layout,cross_layout:ls_seed8,43,142,11,2,"5,2,0,3,4,1","1,3,0,5,4,2",True,True,True,2984.7789000486955
3,blind_v6_003_r0_line_n10_far_f3_cx30,line,far,10,30,adaptive_mapping/v1_best/k2,19,13,37,115.86170003283769,18,54,lightsabre,13,37,15,48,14,lightsabre,lightsabre:seed19,13,37,0,0,"1,4,8,7,5,0,3,2,9,6","2,4,6,9,7,0,3,1,8,5",True,True,True,550.211799913086
4,blind_v6_004_r0_line_n6_far_f6_cx36,line,far,6,36,adaptive_mapping/v1_best/k2,18,10,53,105.1791999489069,8,45,independent_rollout,8,45,8,45,20,cross_layout,cross_layout:ls_seed7,8,45,2,0,"2,0,4,5,1,3","2,0,4,5,1,3",True,True,True,454.04940005391836
5,blind_v6_005_r0_line_n8_far_f12_cx96,line,far,8,96,adaptive_mapping/v1_best/k2,8,61,175,199.8780001886189,59,179,independent_rollout,59,179,59,178,10,cross_layout,cross_layout:ls_seed10,59,178,2,0,"0,2,6,5,7,1,3,4","1,4,3,6,7,0,2,5",True,True,True,6258.126299944706
6,blind_v6_006_r0_line_n6_phase_shift_f3_cx18,line,phase_shift,6,18,adaptive_mapping/v1_best/k2,16,8,32,98.47199963405728,8,32,lightsabre,8,32,8,32,16,lightsabre,lightsabre:seed16,8,32,0,0,"2,3,5,0,1,4","2,5,4,3,0,1",True,True,True,277.9226000420749
7,blind_v6_007_r0_line_n8_phase_shift_f6_cx48,line,phase_shift,8,48,adaptive_mapping/v1_best/k2,0,20,59,135.54909965023398,28,88,lightsabre,20,59,20,65,5,lightsabre,lightsabre:seed0,20,59,0,0,"1,3,5,6,7,2,0,4","0,2,1,3,4,5,6,7",True,True,True,651.3010999187827
8,blind_v6_008_r0_line_n10_phase_shift_f12_cx120,line,phase_shift,10,120,adaptive_mapping/v1_best/k2,17,95,229,275.40929976385087,109,263,lightsabre,95,229,100,230,5,lightsabre,lightsabre:seed17,95,229,0,0,"8,4,6,1,0,9,3,7,2,5","9,8,6,7,5,4,3,2,1,0",True,True,True,15933.218299993314
9,blind_v6_009_r0_line_n8_alternating_f3_cx24,line,alternating,8,24,adaptive_mapping/v1_best/k2,12,13,32,127.33149994164705,13,30,independent_rollout,13,30,13,32,10,independent_rollout,independent_rollout:early,13,30,0,0,"6,4,7,0,1,2,3,5","7,3,5,2,0,1,4,6",True,True,True,613.0892999935895
10,blind_v6_010_r0_line_n10_alternating_f6_cx60,line,alternating,10,60,adaptive_mapping/v1_best/k2,2,68,138,210.950699984096,77,169,lightsabre,68,138,66,143,5,cross_layout,cross_layout:ls_seed2,66,143,2,2,"0,2,5,9,6,4,7,3,1,8","0,6,2,5,1,9,8,7,3,4",True,True,True,5437.208199989982
11,blind_v6_011_r0_line_n6_alternating_f12_cx72,line,alternating,6,72,adaptive_mapping/v1_best/k2,15,45,156,155.9560999739915,41,140,independent_rollout,41,140,40,138,10,cross_layout,cross_layout:ls_seed15_neighbor2,40,138,5,1,"5,4,2,1,0,3","2,3,0,1,4,5",True,True,True,2457.6673000119627
12,blind_v6_012_r0_line_n10_parallel_layers_f3_cx30,line,parallel_layers,10,30,adaptive_mapping/pool/k2,3,23,40,112.16730007436126,26,50,lightsabre,23,40,23,41,5,lightsabre,lightsabre:seed3,23,40,0,0,"7,1,2,5,4,0,9,6,8,3","7,2,8,3,0,5,9,6,1,4",True,True,True,969.6688998956233
13,blind_v6_013_r0_line_n6_parallel_layers_f6_cx36,line,parallel_layers,6,36,adaptive_mapping/pool/k2,9,21,57,108.42470033094287,21,58,lightsabre,21,57,19,56,10,cross_layout,cross_layout:ls_seed9_neighbor3,19,56,2,2,"4,3,5,2,1,0","0,2,5,3,4,1",True,True,True,778.5246000858024
14,blind_v6_014_r0_line_n8_parallel_layers_f12_cx96,line,parallel_layers,8,96,adaptive_mapping/pool/k2,4,95,200,267.11720030289143,95,214,lightsabre,95,200,97,234,5,lightsabre,lightsabre:seed4,95,200,0,0,"0,5,3,4,2,7,1,6","5,7,3,1,4,2,0,6",True,True,True,12467.913900036365
15,blind_v6_015_r0_ring_n8_uniform_f3_cx24,ring,uniform,8,24,adaptive_mapping/v1_best/k2,4,18,44,141.83549978770316,17,40,independent_rollout,17,40,17,41,40,independent_rollout,independent_rollout:early,17,40,1,0,"3,7,1,4,0,2,6,5","6,2,1,5,4,7,0,3",True,True,True,2741.0439000232145
16,blind_v6_016_r0_ring_n10_uniform_f6_cx60,ring,uniform,10,60,adaptive_mapping/v1_best/k2,2,55,120,736.0181001713499,54,129,independent_rollout,54,129,54,129,5,cross_layout,cross_layout:ls_seed2,54,129,1,0,"5,0,9,8,7,4,2,3,1,6","3,1,7,9,5,6,8,0,2,4",True,True,True,4355.070199933834
17,blind_v6_017_r0_ring_n6_uniform_f12_cx72,ring,uniform,6,72,adaptive_mapping/v1_best/k2,3,40,135,183.46999981440604,34,125,independent_rollout,34,125,32,121,10,cross_layout,cross_layout:ls_seed7,32,121,8,2,"4,0,3,1,2,5","5,4,3,1,2,0",True,True,True,2589.7892001084983
18,blind_v6_018_r0_ring_n10_far_f3_cx30,ring,far,10,30,local_layout_search_ring_n10_far/local-search-b2-r1/rollout2-k2,15,13,38,114.85030024778098,13,32,independent_rollout,13,32,13,33,65,independent_rollout,independent_rollout:all_fb,13,32,0,0,"5,3,0,7,8,4,2,1,9,6","0,2,9,6,8,3,1,4,7,5",True,True,True,2990.5296999495476
19,blind_v6_019_r0_ring_n6_far_f6_cx36,ring,far,6,36,adaptive_mapping/v1_best/k2,2,0,19,84.6349997445941,0,19,lightsabre,0,19,0,19,39,lightsabre,lightsabre:seed2,0,19,0,0,"4,3,1,5,2,0","4,3,1,5,2,0",True,True,True,199.62999993003905
20,blind_v6_020_r0_ring_n8_far_f12_cx96,ring,far,8,96,adaptive_mapping/v1_best/k2,4,33,93,153.86090020183474,41,137,lightsabre,33,93,31,126,65,cross_layout,cross_layout:ls_seed10,31,126,2,2,"0,7,5,2,1,6,3,4","0,6,4,3,1,5,7,2",True,True,True,16722.62559994124
21,blind_v6_021_r0_ring_n6_phase_shift_f3_cx18,ring,phase_shift,6,18,adaptive_mapping/v1_best/k2,0,3,16,134.00199974421412,3,16,lightsabre,3,16,3,16,55,lightsabre,lightsabre:seed0,3,16,0,0,"3,4,0,2,5,1","3,4,5,0,1,2",True,True,True,392.37570005934685
22,blind_v6_022_r0_ring_n8_phase_shift_f6_cx48,ring,phase_shift,8,48,adaptive_mapping/v1_best/k2,0,18,49,131.479199975729,16,60,independent_rollout,16,60,16,60,55,cross_layout,cross_layout:ls_seed2,16,60,2,0,"3,4,6,0,2,7,5,1","6,4,5,3,2,1,0,7",True,True,True,2903.7701999768615
23,blind_v6_023_r0_ring_n10_phase_shift_f12_cx120,ring,phase_shift,10,120,adaptive_mapping/v1_best/k2,15,63,133,232.77669958770275,65,134,lightsabre,63,133,62,136,15,cross_layout,cross_layout:ls_seed15,62,136,1,1,"3,8,7,0,2,4,5,9,6,1","6,5,4,3,2,1,0,9,8,7",True,True,True,20784.256000071764
24,blind_v6_024_r0_ring_n8_alternating_f3_cx24,ring,alternating,8,24,adaptive_mapping/v1_best/k2,3,15,47,127.27740022819489,16,43,lightsabre,15,47,12,44,35,cross_layout,cross_layout:ls_seed12,12,44,3,3,"7,0,1,3,4,6,2,5","5,2,7,0,6,1,3,4",True,True,True,1324.0574999945238
25,blind_v6_025_r0_ring_n10_alternating_f6_cx60,ring,alternating,10,60,adaptive_mapping/v1_best/k2,6,52,93,207.7840002020821,55,99,lightsabre,52,93,48,83,45,cross_layout,cross_layout:ls_seed16_neighbor4,48,83,4,4,"7,6,3,9,0,4,5,1,8,2","6,1,5,2,3,4,7,0,8,9",True,True,True,18070.586399990134
26,blind_v6_026_r0_ring_n6_alternating_f12_cx72,ring,alternating,6,72,adaptive_mapping/v1_best/k2,19,24,108,127.62009992729872,24,99,independent_rollout,24,99,22,93,34,cross_layout,cross_layout:ls_seed5,22,93,2,2,"2,5,0,1,4,3","1,2,5,0,3,4",True,True,True,3852.3049000650644
27,blind_v6_027_r0_ring_n10_parallel_layers_f3_cx30,ring,parallel_layers,10,30,adaptive_mapping/pool/k2,12,17,29,122.58039996959269,20,35,lightsabre,17,29,18,31,10,lightsabre,lightsabre:seed12,17,29,0,0,"1,2,0,7,3,5,8,4,6,9","8,2,3,5,0,6,1,7,4,9",True,True,True,862.389599904418
28,blind_v6_028_r0_ring_n6_parallel_layers_f6_cx36,ring,parallel_layers,6,36,adaptive_mapping/pool/k2,13,14,47,119.4595000706613,13,43,independent_rollout,13,43,13,43,45,cross_layout,cross_layout:ls_seed18,13,43,1,0,"4,0,2,3,5,1","5,4,0,1,3,2",True,True,True,1314.1978000057861
29,blind_v6_029_r0_ring_n8_parallel_layers_f12_cx96,ring,parallel_layers,8,96,adaptive_mapping/pool/k2,16,59,112,189.06590004917234,56,108,independent_rollout,56,108,52,104,65,cross_layout,cross_layout:ls_seed16_neighbor2,52,104,7,4,"0,6,5,7,2,3,4,1","3,4,0,7,5,2,6,1",True,True,True,62882.547199958935
30,blind_v6_030_r0_grid_n8_uniform_f3_cx24,grid,uniform,8,24,layout_proxy_grid_uniform_k2/proxy-d095-top8/rollout2-k2,19,10,38,186.83609971776605,10,45,lightsabre,10,38,10,36,5,cross_layout,cross_layout:ls_seed19,10,36,0,0,"1,3,6,7,4,2,0,5","3,1,0,5,6,2,4,7",True,True,True,1324.2185999406502
31,blind_v6_031_r0_grid_n10_uniform_f6_cx60,grid,uniform,10,60,layout_proxy_grid_uniform_k2/proxy-d095-top8/rollout2-k2,19,28,83,319.22979990486056,34,98,lightsabre,28,83,31,94,5,lightsabre,lightsabre:seed19,28,83,0,0,"9,5,1,0,6,2,4,7,8,3","2,0,3,5,1,8,4,9,7,6",True,True,True,6639.73920000717
32,blind_v6_032_r0_grid_n6_uniform_f12_cx72,grid,uniform,6,72,adaptive_mapping/v1_best/k2,8,24,106,234.75360008887947,22,102,independent_rollout,22,102,23,106,5,independent_rollout,independent_rollout:all,22,102,2,0,"0,3,2,4,5,1","3,1,5,0,2,4",True,True,True,1559.6428000135347
33,blind_v6_033_r0_grid_n10_far_f3_cx30,grid,far,10,30,adaptive_mapping/v1_best/k2,4,2,19,193.5711995465681,5,28,lightsabre,2,19,2,19,38,lightsabre,lightsabre:seed4,2,19,0,0,"2,9,3,6,0,7,1,5,4,8","3,9,7,6,0,2,1,5,4,8",True,True,True,566.7331999866292
34,blind_v6_034_r0_grid_n6_far_f6_cx36,grid,far,6,36,adaptive_mapping/v1_best/k2,18,3,27,161.50390007533133,3,32,lightsabre,3,27,2,27,34,cross_layout,cross_layout:ls_seed10_neighbor1,2,27,1,1,"1,0,5,4,2,3","0,3,5,4,2,1",True,True,True,369.8662999086082
35,blind_v6_035_r0_grid_n8_far_f12_cx96,grid,far,8,96,adaptive_mapping/v1_best/k2,4,17,105,223.51269947830588,18,97,lightsabre,17,105,15,103,5,cross_layout,cross_layout:ls_seed4,15,103,2,2,"1,4,7,3,6,2,0,5","2,4,3,1,7,5,0,6",True,True,True,1331.574400071986
36,blind_v6_036_r0_grid_n6_phase_shift_f3_cx18,grid,phase_shift,6,18,adaptive_mapping/v1_best/k2,6,1,16,110.17679935321212,2,21,lightsabre,1,16,1,16,23,lightsabre,lightsabre:seed6,1,16,0,0,"3,2,4,1,5,0","3,2,1,4,5,0",True,True,True,184.4038999406621
37,blind_v6_037_r0_grid_n8_phase_shift_f6_cx48,grid,phase_shift,8,48,adaptive_mapping/v1_best/k2,0,12,53,147.80909998808056,12,57,lightsabre,12,53,13,52,5,lightsabre,lightsabre:seed0,12,53,0,0,"5,4,7,2,3,1,6,0","4,5,6,7,0,1,2,3",True,True,True,640.7670999178663
38,blind_v6_038_r0_grid_n10_phase_shift_f12_cx120,grid,phase_shift,10,120,adaptive_mapping/v1_best/k2,7,42,159,304.74149982910603,44,153,lightsabre,42,159,46,149,5,lightsabre,lightsabre:seed7,42,159,0,0,"0,3,9,5,6,2,7,4,1,8","1,6,7,8,3,0,5,2,9,4",True,True,True,9755.22070005536
39,blind_v6_039_r0_grid_n8_alternating_f3_cx24,grid,alternating,8,24,adaptive_mapping/v1_best/k2,8,8,27,160.59779992792755,9,27,lightsabre,8,27,7,28,10,cross_layout,cross_layout:ls_seed8_neighbor2,7,28,1,1,"1,5,7,2,3,6,0,4","5,6,1,2,3,7,0,4",True,True,True,480.21179996430874
40,blind_v6_040_r0_grid_n10_alternating_f6_cx60,grid,alternating,10,60,grid_alternating_policy_grid_n10_alternating_k4/proxy-d095-top8/rollout2-k4,14,26,75,296.43970041070133,27,100,lightsabre,26,75,26,95,5,lightsabre,lightsabre:seed14,26,75,0,0,"2,4,3,0,7,8,1,5,9,6","2,9,6,3,5,7,1,0,4,8",True,True,True,8303.780299960636
41,blind_v6_041_r0_grid_n6_alternating_f12_cx72,grid,alternating,6,72,adaptive_mapping/v1_best/k2,10,20,105,185.16150023788214,20,90,independent_rollout,20,90,19,97,20,cross_layout,cross_layout:ls_seed10,19,97,1,1,"1,5,3,0,2,4","1,5,4,0,2,3",True,True,True,3034.8319000331685
42,blind_v6_042_r0_grid_n10_parallel_layers_f3_cx30,grid,parallel_layers,10,30,adaptive_mapping/pool/k2,13,11,31,163.87800010852516,16,38,lightsabre,11,31,11,33,10,lightsabre,lightsabre:seed13,11,31,0,0,"4,7,3,1,9,8,2,5,6,0","2,5,4,3,9,7,1,8,6,0",True,True,True,1077.7159000281245
43,blind_v6_043_r0_grid_n6_parallel_layers_f6_cx36,grid,parallel_layers,6,36,adaptive_mapping/pool/k2,15,6,31,149.20339989475906,8,41,lightsabre,6,31,7,30,20,lightsabre,lightsabre:seed15,6,31,0,0,"4,0,3,1,5,2","3,0,5,1,4,2",True,True,True,765.3661000076681
44,blind_v6_044_r0_grid_n8_parallel_layers_f12_cx96,grid,parallel_layers,8,96,adaptive_mapping/pool/k2,3,40,115,311.0785001190379,43,142,lightsabre,40,115,45,151,5,lightsabre,lightsabre:seed3,40,115,0,0,"1,7,0,4,3,2,6,5","5,2,3,4,6,0,1,7",True,True,True,11850.44279997237
45,blind_v6_045_r0_random_n8_uniform_f3_cx24,random,uniform,8,24,adaptive_mapping/v1_best/k2,10,4,30,140.69110003765672,5,30,lightsabre,4,30,4,30,5,lightsabre,lightsabre:seed10,4,30,0,0,"5,4,7,2,6,1,3,0","5,4,3,2,6,7,1,0",True,True,True,245.94299995806068
46,blind_v6_046_r0_random_n10_uniform_f6_cx60,random,uniform,10,60,adaptive_mapping/v1_best/k2,7,32,99,222.55169972777367,40,129,lightsabre,32,99,34,112,5,lightsabre,lightsabre:seed7,32,99,0,0,"5,9,4,8,6,0,7,3,2,1","4,5,0,1,6,3,2,8,9,7",True,True,True,3106.287100003101
47,blind_v6_047_r0_random_n6_uniform_f12_cx72,random,uniform,6,72,adaptive_mapping/v1_best/k2,7,22,116,261.2824997631833,21,112,independent_rollout,21,112,20,107,10,cross_layout,cross_layout:ls_seed1_neighbor2,20,107,2,1,"3,5,1,2,0,4","3,5,4,1,0,2",True,True,True,2413.1981000537053
48,blind_v6_048_r0_random_n10_far_f3_cx30,random,far,10,30,adaptive_mapping/v1_best/k2,18,6,27,195.78389974776655,9,38,lightsabre,6,27,6,31,5,lightsabre,lightsabre:seed18,6,27,0,0,"5,0,7,1,9,2,3,8,4,6","5,3,7,1,8,4,0,2,9,6",True,True,True,392.9551999317482
49,blind_v6_049_r0_random_n6_far_f6_cx36,random,far,6,36,adaptive_mapping/v1_best/k2,13,0,30,132.37410027068108,0,30,lightsabre,0,30,0,30,14,lightsabre,lightsabre:seed13,0,30,0,0,"2,0,1,4,3,5","2,0,1,4,3,5",True,True,True,237.03319998458028
50,blind_v6_050_r0_random_n8_far_f12_cx96,random,far,8,96,adaptive_mapping/v1_best/k2,8,19,118,241.2847998784855,23,120,lightsabre,19,118,17,109,5,cross_layout,cross_layout:ls_seed8_neighbor1,17,109,2,2,"5,7,6,0,4,3,2,1","5,7,6,2,4,3,0,1",True,True,True,1677.801699959673
51,blind_v6_051_r0_random_n6_phase_shift_f3_cx18,random,phase_shift,6,18,adaptive_mapping/v1_best/k2,13,3,22,135.6608996866271,4,27,lightsabre,3,22,3,22,18,lightsabre,lightsabre:seed13,3,22,0,0,"2,5,3,1,4,0","5,4,3,2,1,0",True,True,True,254.63779992423952
52,blind_v6_052_r0_random_n8_phase_shift_f6_cx48,random,phase_shift,8,48,adaptive_mapping/v1_best/k2,3,9,46,185.40579976979643,12,68,lightsabre,9,46,9,47,5,lightsabre,lightsabre:seed3,9,46,0,0,"4,6,2,5,1,3,7,0","0,1,2,3,4,5,6,7",True,True,True,583.2101000705734
53,blind_v6_053_r0_random_n10_phase_shift_f12_cx120,random,phase_shift,10,120,adaptive_mapping/v1_best/k2,19,36,135,322.05090031493455,45,159,lightsabre,36,135,35,115,5,cross_layout,cross_layout:ls_seed19,35,115,1,1,"3,5,1,7,2,8,4,9,0,6","7,0,6,1,5,8,9,3,2,4",True,True,True,6442.634299979545
54,blind_v6_054_r0_random_n8_alternating_f3_cx24,random,alternating,8,24,adaptive_mapping/v1_best/k2,12,5,27,139.63049976155162,6,29,lightsabre,5,27,4,28,10,cross_layout,cross_layout:ls_seed1,4,28,1,1,"6,3,0,7,4,2,5,1","7,2,0,6,4,3,5,1",True,True,True,320.6682000309229
55,blind_v6_055_r0_random_n10_alternating_f6_cx60,random,alternating,10,60,adaptive_mapping/v1_best/k2,0,19,83,203.7914003012702,25,83,lightsabre,19,83,21,88,5,lightsabre,lightsabre:seed0,19,83,0,0,"8,0,9,4,1,7,2,6,5,3","9,3,1,8,2,7,0,6,4,5",True,True,True,1720.9590999409556
56,blind_v6_056_r0_random_n6_alternating_f12_cx72,random,alternating,6,72,adaptive_mapping/v1_best/k2,11,17,88,203.37999996263534,15,92,independent_rollout,15,92,15,92,5,cross_layout,cross_layout:ls_seed11,15,92,2,0,"3,0,1,5,2,4","4,0,1,5,2,3",True,True,True,1095.7591999322176
57,blind_v6_057_r0_random_n10_parallel_layers_f3_cx30,random,parallel_layers,10,30,adaptive_mapping/pool/k2,16,12,35,180.7536002015695,16,39,lightsabre,12,35,11,34,10,cross_layout,cross_layout:ls_seed16,11,34,1,1,"4,9,0,5,7,6,1,2,8,3","6,0,3,2,9,5,4,8,7,1",True,True,True,1101.9943000283092
58,blind_v6_058_r0_random_n6_parallel_layers_f6_cx36,random,parallel_layers,6,36,adaptive_mapping/pool/k2,5,10,51,165.19639978650957,10,52,lightsabre,10,51,9,52,5,cross_layout,cross_layout:ls_seed5_neighbor3,9,52,1,1,"1,0,3,4,5,2","2,5,3,0,4,1",True,True,True,508.6654999759048
59,blind_v6_059_r0_random_n8_parallel_layers_f12_cx96,random,parallel_layers,8,96,adaptive_mapping/pool/k2,11,32,118,281.49459999985993,36,123,lightsabre,32,118,32,136,5,lightsabre,lightsabre:seed11,32,118,0,0,"2,5,6,1,7,4,3,0","7,5,6,2,3,1,4,0",True,True,True,5202.994600054808
60,blind_v6_060_r1_line_n10_uniform_f3_cx30,line,uniform,10,30,adaptive_mapping/v1_best/k2,4,31,67,202.72199995815754,31,77,lightsabre,31,67,27,61,10,cross_layout,cross_layout:ls_seed6,27,61,4,4,"4,8,7,6,3,1,5,9,0,2","4,7,6,9,3,2,0,8,5,1",True,True,True,2081.1405999120325
61,blind_v6_061_r1_line_n6_uniform_f6_cx36,line,uniform,6,36,adaptive_mapping/v1_best/k2,15,29,94,173.1696999631822,27,78,independent_rollout,27,78,26,89,5,cross_layout,cross_layout:ls_seed15,26,89,3,1,"2,0,3,4,1,5","4,2,1,0,5,3",True,True,True,821.3642999762669
62,blind_v6_062_r1_line_n8_uniform_f12_cx96,line,uniform,8,96,adaptive_mapping/v1_best/k2,12,95,241,338.0711997160688,95,248,lightsabre,95,241,93,245,10,cross_layout,cross_layout:ls_seed12,93,245,2,2,"4,0,3,5,6,1,7,2","5,2,3,0,4,6,7,1",True,True,True,25515.846099937335
63,blind_v6_063_r1_line_n6_far_f3_cx18,line,far,6,18,adaptive_mapping/v1_best/k2,2,4,20,140.96710016019642,3,23,independent_rollout,3,23,3,20,20,cross_layout,cross_layout:ls_seed4_neighbor1,3,20,1,0,"2,0,4,5,1,3","0,2,4,5,1,3",True,True,True,306.8714999826625
64,blind_v6_064_r1_line_n8_far_f6_cx48,line,far,8,48,adaptive_mapping/v1_best/k2,9,19,70,186.1256998963654,21,79,lightsabre,19,70,21,78,10,lightsabre,lightsabre:seed9,19,70,0,0,"1,4,3,6,7,0,2,5","2,0,4,6,7,1,5,3",True,True,True,1357.2421000571921
65,blind_v6_065_r1_line_n10_far_f12_cx120,line,far,10,120,adaptive_mapping/v1_best/k2,3,98,204,427.7335999067873,111,240,lightsabre,98,204,106,235,5,lightsabre,lightsabre:seed3,98,204,0,0,"3,1,6,8,9,2,0,5,4,7","1,4,6,8,9,0,2,3,5,7",True,True,True,24662.926999968477
66,blind_v6_066_r1_line_n8_phase_shift_f3_cx24,line,phase_shift,8,24,adaptive_mapping/v1_best/k2,7,16,39,155.780200031586,16,48,lightsabre,16,39,15,48,5,cross_layout,cross_layout:ls_seed7_neighbor2,15,48,1,1,"4,2,0,6,7,5,1,3","2,4,3,5,6,7,0,1",True,True,True,470.35720001440495
67,blind_v6_067_r1_line_n10_phase_shift_f6_cx60,line,phase_shift,10,60,adaptive_mapping/v1_best/k2,11,54,135,244.02940005529672,54,146,lightsabre,54,135,52,127,10,cross_layout,cross_layout:ls_seed2,52,127,2,2,"5,3,1,8,9,6,0,2,4,7","2,1,3,6,4,7,5,8,0,9",True,True,True,6102.529699914157
68,blind_v6_068_r1_line_n6_phase_shift_f12_cx72,line,phase_shift,6,72,adaptive_mapping/v1_best/k2,9,16,92,164.33019959367812,13,75,independent_rollout,13,75,17,83,10,independent_rollout,independent_rollout:early,13,75,3,0,"2,4,0,5,3,1","5,4,3,2,1,0",True,True,True,1379.6358000254259
69,blind_v6_069_r1_line_n10_alternating_f3_cx30,line,alternating,10,30,adaptive_mapping/v1_best/k2,15,21,40,201.02360006421804,24,52,lightsabre,21,40,21,39,18,cross_layout,cross_layout:ls_seed15,21,39,0,0,"0,1,5,4,7,8,9,6,2,3","3,4,0,2,6,9,5,8,7,1",True,True,True,1764.8186999140307
70,blind_v6_070_r1_line_n6_alternating_f6_cx36,line,alternating,6,36,adaptive_mapping/v1_best/k2,0,16,57,173.8628001185134,18,68,lightsabre,16,57,16,58,10,lightsabre,lightsabre:seed0,16,57,0,0,"1,5,4,2,0,3","4,5,2,1,0,3",True,True,True,849.0384999895468
71,blind_v6_071_r1_line_n8_alternating_f12_cx96,line,alternating,8,96,adaptive_mapping/v1_best/k2,9,77,200,357.33809985686094,76,191,independent_rollout,76,191,74,185,10,cross_layout,cross_layout:ls_seed8_neighbor1,74,185,3,2,"3,7,6,0,1,2,5,4","7,4,5,2,1,0,6,3",True,True,True,15532.612500013784
72,blind_v6_072_r1_line_n6_parallel_layers_f3_cx18,line,parallel_layers,6,18,adaptive_mapping/pool/k2,12,8,21,146.11980004701763,8,21,lightsabre,8,21,8,21,15,lightsabre,lightsabre:seed12,8,21,0,0,"5,1,2,3,4,0","3,0,5,2,1,4",True,True,True,459.89010005723685
73,blind_v6_073_r1_line_n8_parallel_layers_f6_cx48,line,parallel_layers,8,48,adaptive_mapping/pool/k2,17,43,80,236.25730001367629,48,99,lightsabre,43,80,44,82,10,lightsabre,lightsabre:seed17,43,80,0,0,"3,4,0,7,2,6,5,1","2,0,7,3,5,4,1,6",True,True,True,5635.881999973208
74,blind_v6_074_r1_line_n10_parallel_layers_f12_cx120,line,parallel_layers,10,120,adaptive_mapping/pool/k2,0,166,255,530.1336002303287,174,283,lightsabre,166,255,159,304,5,cross_layout,cross_layout:ls_seed0,159,304,7,7,"6,4,1,2,3,9,8,7,5,0","4,2,8,0,1,5,6,7,9,3",True,True,True,58530.977300019
75,blind_v6_075_r1_ring_n10_uniform_f3_cx30,ring,uniform,10,30,adaptive_mapping/v1_best/k2,10,17,44,161.04720009025186,20,50,lightsabre,17,44,17,44,30,lightsabre,lightsabre:seed10,17,44,0,0,"4,2,0,8,7,1,9,5,3,6","4,1,8,9,5,0,7,3,2,6",True,True,True,2014.8737999843433
76,blind_v6_076_r1_ring_n6_uniform_f6_cx36,ring,uniform,6,36,adaptive_mapping/v1_best/k2,10,19,70,161.07729997020215,16,63,independent_rollout,16,63,15,61,36,cross_layout,cross_layout:ls_seed9,15,61,4,1,"3,2,1,5,0,4","3,2,0,4,5,1",True,True,True,2059.8120000213385
77,blind_v6_077_r1_ring_n8_uniform_f12_cx96,ring,uniform,8,96,adaptive_mapping/v1_best/k2,8,78,182,359.94410002604127,74,176,independent_rollout,74,176,74,176,5,cross_layout,cross_layout:ls_seed8_neighbor2,74,176,4,0,"3,0,5,1,7,4,6,2","3,4,6,1,0,5,7,2",True,True,True,9845.949799986556
78,blind_v6_078_r1_ring_n6_far_f3_cx18,ring,far,6,18,adaptive_mapping/v1_best/k2,1,0,12,114.98600023332983,0,12,lightsabre,0,12,0,12,45,lightsabre,lightsabre:seed1,0,12,0,0,"2,3,5,1,4,0","2,3,5,1,4,0",True,True,True,202.17149995733052
79,blind_v6_079_r1_ring_n8_far_f6_cx48,ring,far,8,48,adaptive_mapping/v1_best/k2,15,19,47,173.60739992000163,18,64,independent_rollout,18,64,15,55,40,cross_layout,cross_layout:ls_seed7,15,55,4,3,"4,2,0,7,5,3,1,6","5,3,1,7,6,2,4,0",True,True,True,5194.818899966776
80,blind_v6_080_r1_ring_n10_far_f12_cx120,ring,far,10,120,local_layout_search_ring_n10_far/local-search-b2-r1/rollout2-k2,6,65,121,910.0452001439407,61,120,independent_rollout,61,120,61,120,15,cross_layout,cross_layout:ls_seed14,61,120,4,0,"6,8,0,2,4,5,7,9,1,3","6,7,0,2,4,5,8,9,1,3",True,True,True,42830.09339997079
81,blind_v6_081_r1_ring_n8_phase_shift_f3_cx24,ring,phase_shift,8,24,adaptive_mapping/v1_best/k2,14,5,23,112.06990003120154,6,24,lightsabre,5,23,5,23,20,lightsabre,lightsabre:seed14,5,23,0,0,"2,0,6,5,3,1,7,4","0,7,6,5,4,3,1,2",True,True,True,286.54910007026047
82,blind_v6_082_r1_ring_n10_phase_shift_f6_cx60,ring,phase_shift,10,60,adaptive_mapping/v1_best/k2,5,31,85,170.0746000278741,36,70,lightsabre,31,85,30,81,55,cross_layout,cross_layout:ls_seed11,30,81,1,1,"1,0,4,7,2,9,3,6,5,8","5,7,9,8,0,1,2,3,4,6",True,True,True,10252.509800018743
83,blind_v6_083_r1_ring_n6_phase_shift_f12_cx72,ring,phase_shift,6,72,adaptive_mapping/v1_best/k2,5,5,49,121.25620013102889,3,46,independent_rollout,3,46,3,46,45,cross_layout,cross_layout:ls_seed7,3,46,2,0,"2,3,5,1,4,0","2,3,4,5,0,1",True,True,True,672.6676999824122
84,blind_v6_084_r1_ring_n10_alternating_f3_cx30,ring,alternating,10,30,adaptive_mapping/v1_best/k2,6,22,52,187.03860009554774,24,57,lightsabre,22,52,22,54,82,lightsabre,lightsabre:seed6,22,52,0,0,"4,0,5,9,2,3,8,7,6,1","3,4,5,0,1,2,7,8,6,9",True,True,True,7301.306699984707
85,blind_v6_085_r1_ring_n6_alternating_f6_cx36,ring,alternating,6,36,adaptive_mapping/v1_best/k2,18,13,51,165.10599991306663,13,57,lightsabre,13,51,13,57,45,lightsabre,lightsabre:seed18,13,51,0,0,"1,3,4,0,2,5","0,3,4,1,2,5",True,True,True,2086.365499999374
86,blind_v6_086_r1_ring_n8_alternating_f12_cx96,ring,alternating,8,96,adaptive_mapping/v1_best/k2,15,54,135,328.0810002470389,63,167,lightsabre,54,135,57,161,5,lightsabre,lightsabre:seed15,54,135,0,0,"0,3,7,4,1,2,5,6","5,7,4,3,0,1,6,2",True,True,True,7061.977999983355
87,blind_v6_087_r1_ring_n6_parallel_layers_f3_cx18,ring,parallel_layers,6,18,adaptive_mapping/pool/k2,18,4,14,144.12380009889603,6,20,lightsabre,4,14,4,14,39,lightsabre,lightsabre:seed18,4,14,0,0,"4,2,3,5,0,1","3,2,5,1,4,0",True,True,True,524.3752000387758
88,blind_v6_088_r1_ring_n8_parallel_layers_f6_cx48,ring,parallel_layers,8,48,adaptive_mapping/pool/k2,12,21,47,205.8261000784114,23,54,lightsabre,21,47,21,47,70,lightsabre,lightsabre:seed12,21,47,0,0,"2,7,0,1,5,4,3,6","2,1,6,7,5,0,3,4",True,True,True,9576.741700060666
89,blind_v6_089_r1_ring_n10_parallel_layers_f12_cx120,ring,parallel_layers,10,120,adaptive_mapping/pool/k2,0,93,151,367.9222003556788,94,155,lightsabre,93,151,94,155,10,lightsabre,lightsabre:seed0,93,151,0,0,"7,0,8,3,1,6,9,2,5,4","9,7,3,6,2,5,0,1,4,8",True,True,True,35146.47509995848
90,blind_v6_090_r1_grid_n10_uniform_f3_cx30,grid,uniform,10,30,layout_proxy_grid_uniform_k2/proxy-d095-top8/rollout2-k2,17,14,47,181.47029960528016,19,51,lightsabre,14,47,15,44,5,lightsabre,lightsabre:seed17,14,47,0,0,"5,0,7,4,8,6,9,2,1,3","7,0,6,8,3,4,9,1,2,5",True,True,True,2342.8662000223994
91,blind_v6_091_r1_grid_n6_uniform_f6_cx36,grid,uniform,6,36,adaptive_mapping/v1_best/k2,5,9,47,154.18770047836006,9,49,lightsabre,9,47,9,47,20,lightsabre,lightsabre:seed5,9,47,0,0,"0,5,1,2,3,4","5,2,0,4,1,3",True,True,True,794.4214000599459
92,blind_v6_092_r1_grid_n8_uniform_f12_cx96,grid,uniform,8,96,layout_proxy_grid_uniform_k2/proxy-d095-top8/rollout2-k2,13,40,155,315.57099986821413,43,159,lightsabre,40,155,42,155,5,lightsabre,lightsabre:seed13,40,155,0,0,"7,5,4,1,3,0,6,2","1,7,2,4,6,5,3,0",True,True,True,10371.071000001393
93,blind_v6_093_r1_grid_n6_far_f3_cx18,grid,far,6,18,adaptive_mapping/v1_best/k2,18,1,17,145.56520013138652,2,16,lightsabre,1,17,1,17,20,lightsabre,lightsabre:seed18,1,17,0,0,"5,2,3,0,4,1","4,2,3,0,5,1",True,True,True,233.78879996016622
94,blind_v6_094_r1_grid_n8_far_f6_cx48,grid,far,8,48,adaptive_mapping/v1_best/k2,10,6,36,179.04039996210486,7,37,lightsabre,6,36,7,37,5,lightsabre,lightsabre:seed10,6,36,0,0,"6,3,4,5,0,1,7,2","5,3,4,6,0,2,7,1",True,True,True,504.97709994670004
95,blind_v6_095_r1_grid_n10_far_f12_cx120,grid,far,10,120,adaptive_mapping/v1_best/k2,11,34,150,324.5581997325644,37,157,lightsabre,34,150,33,144,10,cross_layout,cross_layout:ls_seed6_neighbor1,33,144,1,1,"7,5,1,4,8,3,2,9,6,0","5,1,2,8,6,7,9,4,0,3",True,True,True,9023.679300094955
96,blind_v6_096_r1_grid_n8_phase_shift_f3_cx24,grid,phase_shift,8,24,adaptive_mapping/v1_best/k2,19,4,18,151.10490017104894,7,29,lightsabre,4,18,4,18,20,lightsabre,lightsabre:seed19,4,18,0,0,"2,7,0,1,4,5,3,6","3,7,1,0,5,6,2,4",True,True,True,494.23720000777394
97,blind_v6_097_r1_grid_n10_phase_shift_f6_cx60,grid,phase_shift,10,60,adaptive_mapping/v1_best/k2,6,20,65,231.86129983514547,30,89,lightsabre,20,65,21,66,15,lightsabre,lightsabre:seed6,20,65,0,0,"8,4,3,5,7,6,1,0,9,2","9,4,1,0,7,8,3,2,5,6",True,True,True,4707.294200081378
98,blind_v6_098_r1_grid_n6_phase_shift_f12_cx72,grid,phase_shift,6,72,adaptive_mapping/v1_best/k2,5,4,59,151.4561001677066,6,66,lightsabre,4,59,4,60,20,lightsabre,lightsabre:seed5,4,59,0,0,"0,5,4,1,3,2","1,4,5,0,3,2",True,True,True,764.6327000111341
99,blind_v6_099_r1_grid_n10_alternating_f3_cx30,grid,alternating,10,30,grid_alternating_policy_grid_n10_alternating_k4/proxy-d095-top8/rollout2-k4,14,10,31,152.72849972825497,10,39,lightsabre,10,31,10,39,5,lightsabre,lightsabre:seed14,10,31,0,0,"7,5,0,3,9,1,2,4,8,6","6,5,1,2,8,0,9,4,7,3",True,True,True,1260.6699999887496
100,blind_v6_100_r1_grid_n6_alternating_f6_cx36,grid,alternating,6,36,adaptive_mapping/v1_best/k2,7,10,54,123.25450009666383,10,55,lightsabre,10,54,9,53,20,cross_layout,cross_layout:ls_seed7_neighbor2,9,53,1,1,"2,1,4,5,0,3","1,2,3,5,4,0",True,True,True,650.9081999538466
101,blind_v6_101_r1_grid_n8_alternating_f12_cx96,grid,alternating,8,96,adaptive_mapping/v1_best/k2,15,37,139,236.78879986982793,39,132,lightsabre,37,139,37,138,5,cross_layout,cross_layout:ls_seed15_neighbor1,37,138,0,0,"3,5,4,2,6,1,0,7","0,7,6,4,5,3,2,1",True,True,True,3516.246799961664
102,blind_v6_102_r1_grid_n6_parallel_layers_f3_cx18,grid,parallel_layers,6,18,adaptive_mapping/pool/k2,2,3,13,107.11189988069236,3,14,lightsabre,3,13,3,13,20,lightsabre,lightsabre:seed2,3,13,0,0,"4,3,0,2,1,5","5,4,0,1,2,3",True,True,True,237.70820000208914
103,blind_v6_103_r1_grid_n8_parallel_layers_f6_cx48,grid,parallel_layers,8,48,adaptive_mapping/pool/k2,19,17,54,154.70319997984916,22,71,lightsabre,17,54,19,43,5,lightsabre,lightsabre:seed19,17,54,0,0,"0,2,3,4,5,6,1,7","3,1,0,2,4,6,7,5",True,True,True,1235.3069999953732
104,blind_v6_104_r1_grid_n10_parallel_layers_f12_cx120,grid,parallel_layers,10,120,adaptive_mapping/pool/k2,1,65,165,309.2087999684736,75,166,lightsabre,65,165,75,183,5,lightsabre,lightsabre:seed1,65,165,0,0,"4,3,5,9,8,7,2,0,1,6","1,5,7,0,9,3,2,6,8,4",True,True,True,22389.823099947535
105,blind_v6_105_r1_random_n10_uniform_f3_cx30,random,uniform,10,30,adaptive_mapping/v1_best/k2,7,10,36,205.80149977467954,13,46,lightsabre,10,36,11,41,5,lightsabre,lightsabre:seed7,10,36,0,0,"3,2,8,9,6,5,7,4,1,0","9,2,3,1,5,4,6,7,8,0",True,True,True,543.6640999978408
106,blind_v6_106_r1_random_n6_uniform_f6_cx36,random,uniform,6,36,adaptive_mapping/v1_best/k2,4,9,51,150.14100028201938,10,54,lightsabre,9,51,8,50,10,cross_layout,cross_layout:ls_seed14,8,50,1,1,"2,0,1,3,4,5","5,3,2,1,4,0",True,True,True,513.3867999538779
107,blind_v6_107_r1_random_n8_uniform_f12_cx96,random,uniform,8,96,adaptive_mapping/v1_best/k2,19,33,162,292.6109000109136,33,133,independent_rollout,33,133,36,140,5,independent_rollout,independent_rollout:early,33,133,0,0,"1,6,5,7,3,4,2,0","5,1,6,2,0,4,3,7",True,True,True,4111.587300081737
108,blind_v6_108_r1_random_n6_far_f3_cx18,random,far,6,18,adaptive_mapping/v1_best/k2,10,0,16,144.50119994580746,0,16,lightsabre,0,16,0,16,13,lightsabre,lightsabre:seed10,0,16,0,0,"2,3,5,1,4,0","2,3,5,1,4,0",True,True,True,197.01339991297573
109,blind_v6_109_r1_random_n8_far_f6_cx48,random,far,8,48,adaptive_mapping/v1_best/k2,7,5,40,175.77659944072366,8,53,lightsabre,5,40,5,40,10,lightsabre,lightsabre:seed7,5,40,0,0,"5,0,6,2,7,4,1,3","5,0,3,2,7,4,1,6",True,True,True,449.6728000231087
110,blind_v6_110_r1_random_n10_far_f12_cx120,random,far,10,120,adaptive_mapping/v1_best/k2,10,22,123,321.38940040022135,22,120,independent_rollout,22,120,32,165,5,independent_rollout,independent_rollout:all,22,120,0,0,"4,7,5,6,3,8,0,1,9,2","6,7,5,9,3,8,0,1,4,2",True,True,True,5802.916100015864
111,blind_v6_111_r1_random_n8_phase_shift_f3_cx24,random,phase_shift,8,24,adaptive_mapping/v1_best/k2,6,5,25,112.94290015939623,5,30,lightsabre,5,25,5,25,10,lightsabre,lightsabre:seed6,5,25,0,0,"1,7,4,6,3,5,0,2","0,4,7,6,5,3,1,2",True,True,True,269.37610004097223
112,blind_v6_112_r1_random_n10_phase_shift_f6_cx60,random,phase_shift,10,60,adaptive_mapping/v1_best/k2,10,14,70,150.58049967046827,24,91,lightsabre,14,70,12,59,5,cross_layout,cross_layout:ls_seed10,12,59,2,2,"3,8,6,7,9,4,5,2,0,1","4,2,7,1,0,3,6,5,8,9",True,True,True,872.5446000462398
113,blind_v6_113_r1_random_n6_phase_shift_f12_cx72,random,phase_shift,6,72,adaptive_mapping/v1_best/k2,16,2,58,134.49909980408847,6,67,lightsabre,2,58,2,57,5,cross_layout,cross_layout:ls_seed16_neighbor1,2,57,0,0,"1,2,3,4,0,5","3,5,1,4,0,2",True,True,True,317.2091000014916
114,blind_v6_114_r1_random_n10_alternating_f3_cx30,random,alternating,10,30,adaptive_mapping/v1_best/k2,15,8,31,140.93599980697036,12,41,lightsabre,8,31,9,38,5,lightsabre,lightsabre:seed15,8,31,0,0,"5,9,2,6,0,4,8,7,1,3","5,3,1,6,0,8,4,9,2,7",True,True,True,394.30110005196184
115,blind_v6_115_r1_random_n6_alternating_f6_cx36,random,alternating,6,36,adaptive_mapping/v1_best/k2,15,7,47,123.96540003828704,7,47,lightsabre,7,47,6,46,5,cross_layout,cross_layout:ls_seed15_neighbor1,6,46,1,1,"4,2,3,1,5,0","4,5,2,1,3,0",True,True,True,249.6167999925092
116,blind_v6_116_r1_random_n8_alternating_f12_cx96,random,alternating,8,96,adaptive_mapping/v1_best/k2,13,33,126,231.83389997575432,37,149,lightsabre,33,126,34,133,5,lightsabre,lightsabre:seed13,33,126,0,0,"2,7,3,0,5,4,1,6","7,2,3,0,5,4,1,6",True,True,True,3258.386700064875
117,blind_v6_117_r1_random_n6_parallel_layers_f3_cx18,random,parallel_layers,6,18,adaptive_mapping/pool/k2,15,5,21,102.09329996723682,5,24,lightsabre,5,21,5,24,5,lightsabre,lightsabre:seed15,5,21,0,0,"1,0,2,5,4,3","5,4,0,3,1,2",True,True,True,181.36489996686578
118,blind_v6_118_r1_random_n8_parallel_layers_f6_cx48,random,parallel_layers,8,48,adaptive_mapping/pool/k2,15,11,57,130.84620027802885,15,70,lightsabre,11,57,12,61,5,lightsabre,lightsabre:seed15,11,57,0,0,"0,4,2,6,5,3,7,1","6,3,2,1,7,5,4,0",True,True,True,697.6415000390261
119,blind_v6_119_r1_random_n10_parallel_layers_f12_cx120,random,parallel_layers,10,120,adaptive_mapping/pool/k2,15,71,193,307.48579977080226,74,226,lightsabre,71,193,74,212,5,lightsabre,lightsabre:seed15,71,193,0,0,"9,5,3,8,7,0,6,1,4,2","6,9,4,0,3,7,2,1,8,5",True,True,True,21539.246899890713
